File Name,Data,Ora,Tipo/Ragione,Valore,Commento,Durata
CS2DE.log,2025-09-08,01:59:00,PartialOutage(Manual),8% Lrat Cell 41,(),18s
CS2DE.log,2025-09-08,01:59:20,PartialOutage(Manual),8% Lrat Cell 42,(),10s
CS2DE.log,2025-09-08,01:59:35,PartialOutage(Manual),8% Lrat Cell 43,(),7s
CS2DE.log,2025-09-08,01:59:45,PartialOutage(Manual),8% Lrat Cell 31,(),9s
CS2DE.log,2025-09-08,01:59:58,PartialOutage(Manual),8% Lrat Cell 32,(),11s
CS2DE.log,2025-09-08,02:00:13,PartialOutage(Manual),8% Lrat Cell 33,(),9s
CS2DE.log,2025-09-08,02:00:25,PartialOutage(Manual),8% Lrat Cell 71,(),9s
CS2DE.log,2025-09-08,02:00:31,PartialOutage(System),33% GNBDU Cell 561,(),3s
CS2DE.log,2025-09-08,02:00:37,PartialOutage(Manual),8% Lrat Cell 72,(),14s
CS2DE.log,2025-09-08,02:00:48,PartialOutage(System),33% GNBDU Cell 562,(),3s
CS2DE.log,2025-09-08,02:00:54,PartialOutage(Manual),8% Lrat Cell 73,(),9s
CS2DE.log,2025-09-08,02:01:01,PartialOutage(System),33% GNBDU Cell 563,(),2s
CS2DE.log,2025-09-08,02:01:08,PartialOutage(Manual),8% Lrat Cell 61,(),12s
CS2DE.log,2025-09-08,02:01:21,PartialOutage(Manual),8% Lrat Cell 62,(),10s
CS2DE.log,2025-09-08,02:01:32,PartialOutage(Manual),8% Lrat Cell 63,(),10s
CS2DE.log,2025-09-08,02:01:43,PartialOutage(Manual),55% Lrat Cell 163,(),13s
CS2DE.log,2025-09-11,06:18:10,PartialOutage(System),100% GNBDU Cell 561 562 563,(),2307s (38m27s)
CS2DE.log,2025-09-11,06:18:10,PartialOutage(System),67% Lrat Cell 162 163,(),1s
CS2DE.log,2025-09-11,06:18:11,PartialOutage(System),100% Lrat Cell 161 162 163,(),2s
CS2DE.log,2025-09-11,06:18:13,PartialOutage(System),100% Lrat Cell 61 62 63 71 72 73 31 32 33 41 42 43,(),2303s (38m23s)
CS2DE.log,2025-09-11,06:56:36,PartialOutage(System),100% Lrat Cell 61 62 63 71 72 73 31 32 41 42,(),1s
CS2DE.log,2025-09-24,22:54:36,PartialOutage(System),100% GNBDU Cell 561 562 563,(),440s (7m20s)
CS2DE.log,2025-09-24,22:54:36,PartialOutage(System),100% Lrat Cell 61 62 63 71 72 73 31 32 33 41 42 43,(),439s (7m19s)
CS2DE.log,2025-09-24,23:01:55,PartialOutage(System),100% Lrat Cell 161 162,(),1s
CS2DE.log,2025-10-03,12:45:44,ManualCold(1),CXP2010174/2_R27J08,CXP2010174/2_R27J08 (25.Q1),75s (1m15s)
CS2DE.log,2025-10-03,12:47:54,PartialOutage(Manual),42% Lrat Cell 71 72 73 31 32,CXP2010174/2_R27J08 (25.Q1),1s
CS2DE.log,2025-10-03,12:47:55,PartialOutage(Manual),25% Lrat Cell 71 72 73,CXP2010174/2_R27J08 (25.Q1),13s
CS2DE.log,2025-10-05,15:56:01,PartialOutage(System),100% GNBDU Cell 561 562 563,CXP2010174/2_R27J08 (25.Q1),1281s (21m21s)
CS2DE.log,2025-10-05,15:56:01,PartialOutage(System),100% Lrat Cell 61 62 63 71 72 73 31 32 33 41 42 43,CXP2010174/2_R27J08 (25.Q1),1280s (21m20s)
CS2DE.log,2025-10-05,16:17:21,PartialOutage(System),100% Lrat Cell 61 62 63 71 72 73 31 32 41 42 43,CXP2010174/2_R27J08 (25.Q1),1s
CS2DE.log,2025-10-05,16:25:35,PartialOutage(System),100% GNBDU Cell 561 562 563,CXP2010174/2_R27J08 (25.Q1),141s (2m21s)
CS2DE.log,2025-10-05,16:25:35,PartialOutage(System),100% Lrat Cell 61 62 63 71 72 73 31 32 33 41 42 43,CXP2010174/2_R27J08 (25.Q1),141s (2m21s)
CS2DE.log,2025-10-05,16:37:31,PartialOutage(System),100% GNBDU Cell 561 562 563,CXP2010174/2_R27J08 (25.Q1),540s (9m0s)
CS2DE.log,2025-10-05,16:37:31,PartialOutage(System),100% Lrat Cell 61 62 63 71 72 73 31 32 33 41 42 43,CXP2010174/2_R27J08 (25.Q1),540s (9m0s)
CS2DE.log,2025-10-05,16:46:31,PartialOutage(System),100% Lrat Cell 71 31 41 42,CXP2010174/2_R27J08 (25.Q1),1s
CS2DE.log,2025-10-05,16:46:31,PartialOutage(System),66% GNBDU Cell 561 563,CXP2010174/2_R27J08 (25.Q1),1s
CS2DE.log,2025-10-05,16:55:14,PartialOutage(System),100% GNBDU Cell 561 562 563,CXP2010174/2_R27J08 (25.Q1),577s (9m37s)
CS2DE.log,2025-10-05,16:55:14,PartialOutage(System),100% Lrat Cell 61 62 63 71 72 73 31 32 33 41 42 43,CXP2010174/2_R27J08 (25.Q1),577s (9m37s)
CS2DE.log,2025-10-05,17:05:24,PartialOutage(System),100% GNBDU Cell 561 562 563,CXP2010174/2_R27J08 (25.Q1),62s (1m2s)
CS2DE.log,2025-10-05,17:05:24,PartialOutage(System),100% Lrat Cell 61 62 63 71 72 73 31 32 33 41 42 43,CXP2010174/2_R27J08 (25.Q1),62s (1m2s)
CS2DE.log,2025-10-05,17:06:26,PartialOutage(System),100% Lrat Cell 62 63 73 31 32 41 42,CXP2010174/2_R27J08 (25.Q1),1s
CS2DE.log,2025-10-05,17:06:26,PartialOutage(System),66% GNBDU Cell 562 563,CXP2010174/2_R27J08 (25.Q1),1s
CS2DE.log,2025-10-05,17:06:48,PartialOutage(System),100% GNBDU Cell 561 562 563,CXP2010174/2_R27J08 (25.Q1),31s
CS2DE.log,2025-10-05,17:06:48,PartialOutage(System),100% Lrat Cell 161 162 163,CXP2010174/2_R27J08 (25.Q1),1s
CS2DE.log,2025-10-05,17:06:49,PartialOutage(System),100% Lrat Cell 61 62 63 71 72 73 31 32 33 41 42 43,CXP2010174/2_R27J08 (25.Q1),30s
CS2DE.log,2025-10-05,17:21:33,PartialOutage(System),100% GNBDU Cell 561 562 563,CXP2010174/2_R27J08 (25.Q1),429s (7m9s)
CS2DE.log,2025-10-05,17:21:33,PartialOutage(System),100% Lrat Cell 61 62 63 71 72 73 31 32 33 41 42 43,CXP2010174/2_R27J08 (25.Q1),429s (7m9s)
CS2DE.log,2025-10-05,17:44:34,PartialOutage(System),66% GNBDU Cell 561 563,CXP2010174/2_R27J08 (25.Q1),1s
CS2DE.log,2025-10-05,17:44:34,PartialOutage(Transmission),8% Lrat Cell 43,CXP2010174/2_R27J08 (25.Q1),1s
CS2DE.log,2025-10-05,17:44:35,PartialOutage(System),100% GNBDU Cell 561 562 563,CXP2010174/2_R27J08 (25.Q1),143s (2m23s)
CS2DE.log,2025-10-05,17:44:35,PartialOutage(System),100% Lrat Cell 61 62 63 71 72 73 31 32 33 41 42 43,CXP2010174/2_R27J08 (25.Q1),142s (2m22s)
CS2DE.log,2025-10-05,17:46:57,PartialOutage(System),100% Lrat Cell 61 62 63 71 72 73 31 32 41 42,CXP2010174/2_R27J08 (25.Q1),1s
CS2DE.log,2025-10-05,18:27:12,PartialOutage(System),100% GNBDU Cell 561 562 563,CXP2010174/2_R27J08 (25.Q1),392s (6m32s)
CS2DE.log,2025-10-05,18:27:12,PartialOutage(System),100% Lrat Cell 161 162 163,CXP2010174/2_R27J08 (25.Q1),1s
CS2DE.log,2025-10-05,18:27:13,PartialOutage(System),100% Lrat Cell 61 62 63 71 72 73 31 32 33 41 42 43,CXP2010174/2_R27J08 (25.Q1),391s (6m31s)
CS2DE.log,2025-10-05,18:33:44,PartialOutage(System),100% Lrat Cell 163,CXP2010174/2_R27J08 (25.Q1),1s
CS2DE.log,2025-10-05,18:33:44,PartialOutage(System),66% GNBDU Cell 561 563,CXP2010174/2_R27J08 (25.Q1),1s
CS2DE.log,2025-10-05,19:35:24,PartialOutage(System),100% GNBDU Cell 561 562 563,CXP2010174/2_R27J08 (25.Q1),247s (4m7s)
CS2DE.log,2025-10-05,19:35:24,PartialOutage(System),100% Lrat Cell 61 62 63 71 72 73 31 32 33 41 42 43,CXP2010174/2_R27J08 (25.Q1),246s (4m6s)
CS2DE.log,2025-10-05,19:39:30,PartialOutage(System),100% Lrat Cell 63 71 72 73 31 41 42,CXP2010174/2_R27J08 (25.Q1),1s
CS2DE.log,2025-10-06,03:21:45,PartialOutage(System),100% GNBDU Cell 561 562 563,CXP2010174/2_R27J08 (25.Q1),169s (2m49s)
CS2DE.log,2025-10-06,03:21:45,PartialOutage(System),100% Lrat Cell 61 62 63 71 72 73 31 32 33 41 42 43,CXP2010174/2_R27J08 (25.Q1),168s (2m48s)
CS2DE.log,2025-10-06,03:24:33,PartialOutage(System),100% Lrat Cell 61 62 63 71 72 73 31 32 41 42,CXP2010174/2_R27J08 (25.Q1),1s
CS2DE.log,2025-10-06,03:24:34,PartialOutage(Transmission),100% Lrat Cell 42,CXP2010174/2_R27J08 (25.Q1),1s
