PartialOutages Downtime,Count,File Names
701s (11m41s),1,CS0AL.log
807s (13m27s),1,CS0AT.log
97s (1m37s),3,"CS0BE.log, RL69T.log, ZA70T.log"
24s,11,"CS0BL.log, CZ9DL.log, CZ33L.log, CZ78L.log, CZB8L.log, KR33L.log, RL9CT.log, RLC7L.log, RLD4L.log, SC20L.log, ZA15L.log"
47s,6,"CS0DL.log, CS68L.log, CZ16L.log, RC6FL.log, SC16E.log, ZC63L.log"
100s (1m40s),5,"CS0DT.log, CZ1CT.log, RC27T.log, RLE5E.log, ZA95E.log"
138s (2m18s),3,"CS0EE.log, CS1BT.log, CZB6T.log"
22s,7,"CS0EL.log, CS51L.log, CS63L.log, CZ3DL.log, CZ7BL.log, RL11L.log, ZA85L.log"
42425s (11h47m),1,CS0FE.log
6420s (1h47m),1,CS01T.log
2220s (37m0s),1,CS1AL.log
2756s (45m56s),1,CS1AT.log
50s,7,"CS1BL.log, CZ61F.log, RC4DF.log, RL74T.log, RLA8L.log, RLC9T.log, ZC27T.log"
89s (1m29s),9,"CS02E.log, KS1CE.log, RC51T.log, RL02E.log, RLA1E.log, RLB9E.log, SC62E.log, ZA90T.log, ZC18T.log"
43s,7,"CS02L.log, CZ3FF.log, RC5CE.log, RC17E.log, RL51T.log, RL67T.log, RLC8T.log"
4808s (1h20m),1,CS2AE.log
4590s (1h16m),1,CS2AL.log
13690s (3h48m),1,CS2DE.log
6759s (1h52m),1,CS2DL.log
15211s (4h13m),1,CS5EE.log
41484s (11h31m),1,CS6FT.log
646s (10m46s),1,CS7CE.log
6642s (1h50m),1,CS7EE.log
616s (10m16s),1,CS08T.log
96s (1m36s),1,CS8BE.log
105s (1m45s),5,"CS8CT.log, CZ1BE.log, CZ4DL.log, RLE2E.log, ZC25T.log"
282010s (3d6h),1,CS8DE.log
128s (2m8s),3,"CS8FL.log, RC65T.log, ZA36E.log"
131s (2m11s),7,"CS8FT.log, CS98T.log, CZ8FL.log, CZB7T.log, KR08E.log, KS06E.log, SC87T.log"
31s,8,"CS9BL.log, CZC3L.log, CZC4L.log, CZF1L.log, CZF2L.log, RC48L.log, RLE4T.log, VV22L.log"
638s (10m38s),1,CS9BT.log
77s (1m17s),4,"CS9DE.log, CZ8CL.log, KS13E.log, ZC9FT.log"
68s (1m8s),4,"CS9DL.log, CZ11T.log, RL5BE.log, ZC9ET.log"
150s (2m30s),5,"CS17E.log, KS4BT.log, RC9ET.log, VV22T.log, ZA88T.log"
27s,7,"CS17L.log, KR38L.log, KS26L.log, RL53L.log, RL69L.log, SC89L.log, VV47L.log"
30s,9,"CS19L.log, CS49L.log, CZC8L.log, KS06L.log, RC68L.log, ZA95L.log, ZC25L.log, ZC95L.log, ZC97T.log"
101s (1m41s),7,"CS19T.log, CZ0DE.log, CZ2DE.log, RC72E.log, SC4AT.log, ZA13T.log, ZC01T.log"
71s (1m11s),10,"CS21E.log, CZ4FT.log, KS40E.log, RC81E.log, RL7ET.log, RL8ET.log, RL27T.log, RLD2E.log, SC20T.log, ZA45L.log"
26s,17,"CS21L.log, CS72L.log, CZ14L.log, CZ36L.log, CZA6L.log, CZF3L.log, KR13L.log, KS3EL.log, KS40L.log, RC4CL.log, RC08L.log, RC25L.log, RL7AL.log, RL46L.log, ZA03L.log, ZA25L.log, ZA60T.log"
116s (1m56s),3,"CS25E.log, CZ1FL.log, CZ73E.log"
23s,10,"CS25L.log, CS84L.log, CZ5CL.log, KR07L.log, KS1CL.log, RC51L.log, SC7EL.log, SC62L.log, ZA13L.log, ZC43L.log"
223s (3m43s),1,CS36E.log
67s (1m7s),2,"CS36L.log, ZA20T.log"
98s (1m38s),5,"CS38E.log, CS85T.log, RL12E.log, RL33E.log, ZC56T.log"
483s (8m3s),1,CS38L.log
146s (2m26s),2,"CS40E.log, ZA65T.log"
489s (8m9s),1,CS42E.log
17s,5,"CS42L.log, RC17L.log, RL8CL.log, VV48L.log, ZA46L.log"
44s,6,"CS44L.log, CZ4AL.log, CZ7CL.log, CZ08L.log, ZC36L.log, ZC94T.log"
81s (1m21s),6,"CS44T.log, CZA4T.log, RL8CT.log, RL56T.log, ZC16E.log, ZC65T.log"
25s,17,"CS45L.log, CZ15L.log, CZ49L.log, KR22L.log, KR25L.log, KS51L.log, KS55L.log, RC2FL.log, RC42L.log, RL9DL.log, RL66L.log, RLD5L.log, RLE0L.log, SC88L.log, ZA14L.log, ZA65L.log, ZA82L.log"
75805s (21h3m),1,CS47E.log
260s (4m20s),1,CS49E.log
80s (1m20s),8,"CS51T.log, CZ78T.log, CZC3T.log, KS55T.log, RC1DT.log, RL67E.log, RL74E.log, RLC7T.log"
45s,4,"CS52L.log, RLB5T.log, ZA16L.log, ZA33L.log"
63s (1m3s),3,"CS52T.log, RLB8T.log, RLD2T.log"
106s (1m46s),6,"CS53E.log, RC5DT.log, RLA0T.log, RLE0E.log, ZA15T.log, ZA85T.log"
18s,8,"CS53L.log, CZ11L.log, RC82L.log, RL7EL.log, RL72T.log, RLD9E.log, ZC18L.log, ZC27L.log"
152093s (1d18h),1,CS56E.log
75746s (21h2m),1,CS56L.log
42s,7,"CS60L.log, CZ29E.log, CZFFL.log, KS48L.log, RLD0T.log, RLE9T.log, VV49L.log"
120s (2m0s),3,"CS60T.log, KR25T.log, VV04L.log"
28s,15,"CS61L.log, CZ5BL.log, CZ07L.log, CZ52L.log, CZ59L.log, KS46L.log, RC60L.log, RL37L.log, RL76T.log, RLA1L.log, RLB6L.log, SC3CL.log, SC4DL.log, ZC10L.log, ZC86L.log"
94s (1m34s),8,"CS61T.log, CZ59E.log, CZB8E.log, CZF3T.log, RC44T.log, ZA53E.log, ZA82T.log, ZA99E.log"
119s (1m59s),3,"CS63E.log, CZ5FT.log, ZA81T.log"
21s,1,CS66L.log
88s (1m28s),4,"CS66T.log, CZ6DE.log, ZC21E.log, ZC74L.log"
132s (2m12s),3,"CS67L.log, CZ5CE.log, KS64L.log"
479s (7m59s),1,CS67T.log
2546s (42m26s),1,CS68T.log
76900s (21h21m),1,CS69E.log
238s (3m58s),1,CS70L.log
375s (6m15s),2,"CS70T.log, ZA45T.log"
156s (2m36s),5,"CS72E.log, RL70L.log, SC2CT.log, SC9AL.log, VV04T.log"
587s (9m47s),1,CS73E.log
32s,11,"CS74L.log, CS93L.log, CZ2CL.log, CZA4L.log, CZB6L.log, KR34M.log, RL33L.log, SC04L.log, ZA49L.log, ZA51L.log, ZC16L.log"
134s (2m14s),2,"CS74T.log, ZA36T.log"
37s,5,"CS75L.log, CS96L.log, KS65L.log, RC4EL.log, ZC11L.log"
185s (3m5s),1,CS75T.log
9978s (2h46m),1,CS80T.log
31145s (8h39m),1,CS82T.log
62s (1m2s),4,"CS84E.log, RL73T.log, RLE9E.log, ZC9BE.log"
29s,7,"CS85L.log, KR20L.log, RC5DL.log, RL27L.log, RL64L.log, SC6BL.log, ZA35L.log"
12632s (3h30m),1,CS92E.log
12707s (3h31m),1,CS92T.log
143s (2m23s),4,"CS93E.log, CZF2T.log, RL22T.log, ZA61L.log"
136s (2m16s),1,CS96T.log
82s (1m22s),5,"CZ0DT.log, KR20T.log, RC46E.log, RC60T.log, ZC9EE.log"
55s,8,"CZ0EE.log, RC3EL.log, RL8EL.log, RL48T.log, RLD8T.log, SC9CL.log, ZA41T.log, ZC9BT.log"
60s (1m0s),8,"CZ0ET.log, KS13T.log, RL90T.log, RLB3L.log, RLC5T.log, RLC9E.log, RLE7L.log, ZC98E.log"
161s (2m41s),2,"CZ1DL.log, ZC82T.log"
887s (14m47s),1,CZ1DT.log
164s (2m44s),2,"CZ1FE.log, ZA16T.log"
1206s (20m6s),1,CZ02L.log
6s,2,"CZ02T.log, RL73L.log"
99s (1m39s),5,"CZ2AT.log, RC4ET.log, RC8ET.log, SC5FL.log, VV47E.log"
12657s (3h30m),1,CZ2BE.log
139s (2m19s),4,"CZ2CE.log, SC1EE.log, ZA55L.log, ZC74T.log"
85737s (23h48m),1,CZ2ET.log
188659s (2d4h),1,CZ3AT.log
1768s (29m28s),1,CZ3CE.log
113s (1m53s),2,"CZ3DE.log, CZ20T.log"
227s (3m47s),1,CZ3EE.log
114s (1m54s),3,"CZ3FE.log, CZ71T.log, ZA35T.log"
301s (5m1s),1,CZ04T.log
8836s (2h27m),1,CZ4AE.log
66s (1m6s),5,"CZ4CE.log, CZB0T.log, KS50L.log, RC48T.log, RL62L.log"
51s,8,"CZ4DT.log, CZ6DL.log, CZ7AL.log, CZA2L.log, RC3CE.log, RLE6T.log, SC2AE.log, ZC12T.log"
72s (1m12s),12,"CZ4EE.log, CZE0T.log, KS05L.log, RC08T.log, RC42E.log, RL5AE.log, RL18L.log, RLC4L.log, SC6CT.log, SC8DT.log, ZA76L.log, ZC95E.log"
14427s (4h0m),1,CZ4EF.log
123s (2m3s),7,"CZ05T.log, CZD0T.log, KS22L.log, RC9FT.log, RLF0L.log, SC09E.log, SC9FT.log"
283s (4m43s),1,CZ5BE.log
23946s (6h39m),1,CZ5ET.log
263s (4m23s),1,CZ06E.log
121s (2m1s),2,"CZ6AE.log, ZA42E.log"
519s (8m39s),1,CZ6BL.log
1132s (18m52s),1,CZ6BT.log
2012s (33m32s),1,CZ6EE.log
548s (9m8s),2,"CZ6EL.log, VV31E.log"
36s,6,"CZ6FL.log, CZ92L.log, KR28L.log, RC32L.log, RLC3E.log, SC41L.log"
202s (3m22s),1,CZ6FT.log
137s (2m17s),1,CZ07T.log
111s (1m51s),1,CZ7AT.log
151s (2m31s),1,CZ7BE.log
3798s (1h3m),1,CZ7CT.log
953s (15m53s),1,CZ7EE.log
965s (16m5s),1,CZ7EL.log
239s (3m59s),2,"CZ7FE.log, ZA76T.log"
243s (4m3s),2,"CZ7FL.log, CZ66T.log"
462s (7m42s),1,CZ08T.log
456s (7m36s),2,"CZ8CT.log, VV18T.log"
1185s (19m45s),1,CZ8FT.log
6385s (1h46m),1,CZ9CL.log
6497s (1h48m),1,CZ9CT.log
69s (1m9s),3,"CZ9DT.log, KS26E.log, RLE1L.log"
103s (1m43s),2,"CZ10E.log, RL37E.log"
84s (1m24s),5,"CZ14T.log, RC32E.log, RL46E.log, ZA49E.log, ZC36E.log"
83s (1m23s),7,"CZ15E.log, KS54E.log, RC0AT.log, RL6CE.log, RL80E.log, VV05L.log, ZA63T.log"
125s (2m5s),4,"CZ16T.log, CZ61E.log, CZE0E.log, CZE9T.log"
1145s (19m5s),1,CZ17E.log
10558s (2h55m),1,CZ17L.log
53s,9,"CZ19L.log, KR09L.log, RC62F.log, RL6FF.log, RL44E.log, RL59T.log, RL71T.log, RL83T.log, ZA63L.log"
246s (4m6s),1,CZ19T.log
35s,11,"CZ20L.log, KS21L.log, RC6EE.log, RC6ET.log, RC26F.log, RC73L.log, RL49L.log, RLA5F.log, RLE2L.log, ZA53L.log, ZA87L.log"
149s (2m29s),2,"CZ22L.log, ZC99T.log"
158s (2m38s),1,CZ22T.log
169s (2m49s),1,CZ23T.log
9531s (2h38m),1,CZ25E.log
4491s (1h14m),1,CZ25L.log
297s (4m57s),1,CZ27E.log
7413s (2h3m),1,CZ28L.log
7514s (2h5m),1,CZ28T.log
697s (11m37s),1,CZ29T.log
359s (5m59s),1,CZ30E.log
48s,5,"CZ30L.log, KS05T.log, RC5CL.log, RC6FE.log, RLA0L.log"
8583s (2h23m),1,CZ32E.log
7685s (2h8m),1,CZ32L.log
182s (3m2s),2,"CZ33T.log, SC89E.log"
83278s (23h7m),1,CZ35L.log
3818s (1h3m),1,CZ35T.log
86s (1m26s),4,"CZ36E.log, CZD1T.log, KR33E.log, RLE3E.log"
1022s (17m2s),1,CZ37E.log
415s (6m55s),1,CZ37L.log
8173s (2h16m),1,CZ38E.log
3940s (1h5m),1,CZ38L.log
90s (1m30s),6,"CZ40T.log, KR22T.log, KS65E.log, RC01E.log, RLA5E.log, RLD4E.log"
83236s (23h7m),1,CZ42E.log
155s (2m35s),2,"CZ43T.log, RC37E.log"
52s,5,"CZ44E.log, RL62E.log, RLB5L.log, RLE1T.log, ZA99T.log"
14s,2,"CZ44L.log, RL9CL.log"
293s (4m53s),1,CZ45E.log
265s (4m25s),1,CZ45L.log
17794s (4h56m),1,CZ46E.log
58s,5,"CZ49T.log, KS52E.log, RC8DE.log, RL4FL.log, RL61T.log"
917s (15m17s),1,CZ54E.log
469s (7m49s),1,CZ54L.log
163856s (1d21h),1,CZ56E.log
167840s (1d22h),1,CZ56F.log
15308s (4h15m),1,CZ58E.log
15247s (4h14m),1,CZ58L.log
313s (5m13s),2,"CZ62T.log, SC66E.log"
41s,3,"CZ63L.log, RC1DL.log, SC84L.log"
70s (1m10s),2,"CZ66L.log, KS1DT.log"
74s (1m14s),5,"CZ70F.log, CZF1T.log, KS74L.log, RLD5E.log, ZC82L.log"
28850s (8h0m),1,CZ72E.log
14373s (3h59m),1,CZ72L.log
813s (13m33s),2,"CZ75E.log, RC33T.log"
926s (15m26s),2,"CZ77E.log, RLF0E.log"
167s (2m47s),2,"CZ86L.log, RL98E.log"
217s (3m37s),1,CZ86T.log
16339s (4h32m),1,CZ88T.log
28669s (7h57m),1,CZ90E.log
28530s (7h55m),1,CZ90L.log
902s (15m2s),1,CZ92T.log
122s (2m2s),1,CZA2T.log
20s,4,"CZA3L.log, RC61L.log, RLD6E.log, VV18L.log"
104s (1m44s),7,"CZA3T.log, KS64T.log, RC2CT.log, RC4CT.log, RLF4E.log, ZA98T.log, ZC55E.log"
2105s (35m5s),1,CZA5L.log
167729s (1d22h),1,CZA5T.log
178s (2m58s),1,CZA6T.log
74847s (20h47m),1,CZA7L.log
152999s (1d18h),1,CZA7T.log
1441s (24m1s),1,CZA8E.log
117s (1m57s),3,"CZA8L.log, KR32T.log, KR34E.log"
91s (1m31s),4,"CZB0E.log, KS4FT.log, RC10T.log, RL9DT.log"
14485s (4h1m),1,CZB4E.log
14358s (3h59m),1,CZB4L.log
432s (7m12s),1,CZB5E.log
54s,4,"CZB7L.log, CZDCF.log, RL41T.log, RL71L.log"
152s (2m32s),3,"CZC4T.log, RC9CT.log, ZA77T.log"
124s (2m4s),2,"CZC6L.log, ZA42T.log"
183s (3m3s),2,"CZC6T.log, KR40E.log"
75s (1m15s),2,"CZC8T.log, RL6FT.log"
38s,4,"CZD0L.log, RLB9L.log, ZA41L.log, ZC1BT.log"
46s,5,"CZD1L.log, RL48E.log, SC81L.log, SC87L.log, ZC1BE.log"
40s,2,"CZD2L.log, SC4CL.log"
2009s (33m29s),1,CZD2T.log
799s (13m19s),1,CZD5L.log
890s (14m50s),1,CZD5T.log
212s (3m32s),1,CZD9L.log
341s (5m41s),1,CZD9T.log
37231s (10h20m),1,CZDBE.log
37096s (10h18m),1,CZDBL.log
112s (1m52s),5,"CZDCE.log, KS73T.log, RL2BT.log, RL49T.log, ZC88T.log"
33s,4,"CZE9L.log, KS1DL.log, RLE3L.log, VV17L.log"
438047s (5d1h),1,CZF4E.log
218002s (2d12h),1,CZF4L.log
1392s (23m12s),1,CZF6L.log
142s (2m22s),3,"CZF6T.log, RC06T.log, ZA31E.log"
334123s (3d20h),1,CZF7L.log
668746s (7d17h),1,CZF7T.log
87s (1m27s),6,"CZFAL.log, RC41T.log, RC68E.log, RC91E.log, RLA7L.log, ZC10E.log"
219s (3m39s),2,"CZFAT.log, VV50E.log"
554s (9m14s),1,CZFCL.log
608s (10m8s),1,CZFCT.log
129s (2m9s),2,"CZFFE.log, RL7FL.log"
1679s (27m59s),1,KR02E.log
19s,7,"KR08L.log, KS5AL.log, RLD9T.log, RLE8L.log, ZC9CL.log, ZC56L.log, ZC98L.log"
85s (1m25s),10,"KR09E.log, KS73L.log, RC61E.log, RL4CT.log, RL8DE.log, RL75T.log, RLB6E.log, SC4DT.log, SC6BT.log, ZA51T.log"
93s (1m33s),2,"KR13M.log, ZA61T.log"
1182s (19m42s),1,KR15L.log
5184s (1h26m),1,KR15T.log
17745s (4h55m),1,KR16E.log
130s (2m10s),4,"KR16L.log, SC8ET.log, ZA87T.log, ZC43E.log"
1231s (20m31s),1,KR24E.log
468s (7m48s),1,KR24L.log
4891s (1h21m),1,KR27E.log
1101s (18m21s),2,"KR27L.log, RL5FT.log"
115s (1m55s),2,"KR28E.log, RC76T.log"
64s (1m4s),11,"KR30E.log, KR32E.log, KS8EL.log, RC37L.log, RC65E.log, RL59L.log, RL80T.log, RLD3E.log, RLE4L.log, ZA21L.log, ZC9AL.log"
65s (1m5s),6,"KR30T.log, KS1AL.log, KS8CL.log, RC76L.log, RL41E.log, ZA21T.log"
92599s (1d1h),1,KR35E.log
327s (5m27s),1,KR35L.log
473s (7m53s),1,KR38E.log
92s (1m32s),7,"KR40L.log, KR41E.log, RC69T.log, RL42T.log, ZA14T.log, ZC28T.log, ZC99F.log"
108s (1m48s),4,"KR41T.log, RLC1L.log, VV20T.log, ZA33E.log"
484s (8m4s),1,KS01L.log
2289s (38m9s),1,KS01T.log
516s (8m36s),1,KS1AT.log
9046s (2h30m),1,KS1FE.log
172s (2m52s),3,"KS1FL.log, VV05T.log, ZA25T.log"
78s (1m18s),3,"KS2EL.log, RL66E.log, RLE8E.log"
148s (2m28s),2,"KS2ET.log, KS74E.log"
76s (1m16s),3,"KS3AL.log, KS51E.log, RL53T.log"
391s (6m31s),1,KS3ET.log
8429s (2h20m),1,KS3FT.log
7142s (1h59m),1,KS07E.log
109s (1m49s),3,"KS08T.log, ZA03T.log, ZA26L.log"
218s (3m38s),1,KS8CE.log
56s,6,"KS8ET.log, KS28L.log, RL40T.log, RL90E.log, RLD0E.log, VV48E.log"
563s (9m23s),1,KS9AE.log
370s (6m10s),2,"KS9AL.log, ZC76T.log"
1890s (31m30s),1,KS9BE.log
1800s (30m0s),1,KS9BL.log
1329s (22m9s),2,"KS9CT.log, ZC93E.log"
36173s (10h2m),1,KS12E.log
36176s (10h2m),1,KS12T.log
2626s (43m46s),1,KS18L.log
2710s (45m10s),1,KS18T.log
1874s (31m14s),1,KS19T.log
79s (1m19s),2,"KS21E.log, RC98T.log"
1945s (32m25s),1,KS22T.log
39s,3,"KS23L.log, RC3CT.log, RL44L.log"
2529s (42m9s),1,KS23T.log
27645s (7h40m),1,KS25E.log
3102s (51m42s),1,KS25L.log
1921s (32m1s),1,KS28E.log
2701s (45m1s),1,KS31E.log
2615s (43m35s),1,KS31L.log
6747s (1h52m),1,KS38E.log
2655s (44m15s),1,KS38L.log
210s (3m30s),1,KS42L.log
779s (12m59s),1,KS45E.log
107s (1m47s),2,"KS46J.log, ZC86T.log"
4682s (1h18m),1,KS47L.log
4770s (1h19m),1,KS47T.log
102s (1m42s),1,KS48E.log
133s (2m13s),1,KS50E.log
16s,4,"KS52L.log, RC98L.log, SC42L.log, ZC22L.log"
75803s (21h3m),1,KS63E.log
108800s (1d6h),1,KS72L.log
168s (2m48s),1,KS72T.log
17170s (4h46m),1,KS85L.log
7348s (2h2m),1,KS85T.log
216s (3m36s),1,KS86T.log
163s (2m43s),2,"KS91E.log, VV49E.log"
2482s (41m22s),1,KS91T.log
1077s (17m57s),1,KS96L.log
357s (5m57s),1,KS96T.log
1308s (21m48s),1,KS97L.log
1533s (25m33s),1,KS97T.log
140s (2m20s),3,"RC1FT.log, RL1FT.log, VV50L.log"
51959s (14h25m),1,RC2EE.log
56601s (15h43m),1,RC2ET.log
154s (2m34s),2,"RC2FE.log, ZC50L.log"
743s (12m23s),1,RC3AL.log
843s (14m3s),1,RC3AT.log
322s (5m22s),1,RC3EE.log
141s (2m21s),1,RC3FT.log
1748s (29m8s),1,RC04E.log
61s (1m1s),7,"RC04L.log, RL11T.log, RL51L.log, RLC3F.log, RLC4T.log, RLD3T.log, ZA17T.log"
71112s (19h45m),1,RC7AL.log
142308s (1d15h),1,RC7AT.log
165s (2m45s),2,"RC8AT.log, RC40T.log"
303s (5m3s),1,RC8CL.log
365s (6m5s),1,RC8CT.log
22567s (6h16m),1,RC12E.log
564s (9m24s),1,RC12F.log
1401s (23m21s),1,RC13E.log
4750s (1h19m),1,RC16E.log
1378s (22m58s),1,RC16L.log
17289s (4h48m),1,RC19F.log
180s (3m0s),2,"RC20E.log, SC7CE.log"
149331s (1d17h),1,RC21L.log
298808s (3d11h),1,RC21T.log
204s (3m24s),1,RC25E.log
427s (7m7s),1,RC26E.log
287s (4m47s),1,RC29E.log
59s,6,"RC31T.log, RL56L.log, RLC8E.log, RLE5T.log, ZC9CE.log, ZC22T.log"
351s (5m51s),1,RC33L.log
205s (3m25s),1,RC34T.log
1339s (22m19s),1,RC40L.log
34s,3,"RC46L.log, RL76E.log, SC8EL.log"
629s (10m29s),1,RC47T.log
56228s (15h37m),1,RC54E.log
317s (5m17s),1,RC54F.log
84331s (23h25m),1,RC59L.log
639s (10m39s),2,"RC59T.log, ZA01E.log"
274782s (3d4h),1,RC63L.log
332s (5m32s),1,RC63T.log
181125s (2d2h),1,RC64T.log
20027s (5h33m),1,RC67E.log
252s (4m12s),2,"RC71E.log, ZC72L.log"
188s (3m8s),2,"RC72T.log, RL94T.log"
110s (1m50s),2,"RC73T.log, ZA97T.log"
258058s (2d23h),1,RC74T.log
316429s (3d15h),1,RC77L.log
1327s (22m7s),1,RC83E.log
135s (2m15s),2,"RC97T.log, SC66L.log"
40223s (11h10m),1,RCA8T.log
1450s (24m10s),1,RL0CE.log
2031s (33m51s),1,RL0DE.log
162s (2m42s),1,RL01T.log
256946s (2d23h),1,RL1ET.log
1107s (18m27s),1,RL1FL.log
0s,2,"RL02L.log, SC92L.log"
494s (8m14s),1,RL2EE.log
1788s (29m48s),1,RL03E.log
1379s (22m59s),1,RL03L.log
214s (3m34s),1,RL3AT.log
23445s (6h30m),1,RL3DE.log
203s (3m23s),1,RL04T.log
346s (5m46s),1,RL4FT.log
73s (1m13s),4,"RL7AT.log, RLB8L.log, RLC5L.log, ZA39L.log"
189s (3m9s),1,RL7FE.log
619s (10m19s),1,RL18T.log
364s (6m4s),1,RL23L.log
405s (6m45s),1,RL23T.log
154742s (1d18h),1,RL29L.log
154864s (1d19h),1,RL29T.log
170s (2m50s),4,"RL64T.log, SC2FT.log, SC41T.log, VV17E.log"
160s (2m40s),1,RL70E.log
209s (3m29s),2,"RL93T.log, ZC9FE.log"
153s (2m33s),1,RLA9T.log
57s,5,"RLB3T.log, RLD8L.log, RLE7T.log, VV07E.log, ZA46E.log"
126s (2m6s),1,RLB4L.log
27750s (7h42m),1,RLB7E.log
27670s (7h41m),1,RLB7L.log
2396s (39m56s),1,RLC0E.log
2397s (39m57s),1,RLC0T.log
199s (3m19s),1,RLC1E.log
5639s (1h33m),1,RLD1E.log
5625s (1h33m),1,RLD1T.log
13s,1,RLD6T.log
49s,2,"RLE6E.log, ZC76F.log"
323s (5m23s),1,RLF7T.log
85420s (23h43m),1,SC0DT.log
1923s (32m3s),1,SC1BL.log
25196s (6h59m),1,SC1BT.log
13526s (3h45m),1,SC1CT.log
447s (7m27s),1,SC2DT.log
222s (3m42s),1,SC3CT.log
599s (9m59s),1,SC04E.log
3108s (51m48s),1,SC4CE.log
872s (14m32s),1,SC5CT.log
1251s (20m51s),1,SC5DE.log
558s (9m18s),1,SC5DL.log
12887s (3h34m),1,SC06L.log
25750s (7h9m),1,SC06T.log
27828s (7h43m),1,SC07T.log
215s (3m35s),2,"SC7AE.log, ZC63E.log"
9832s (2h43m),1,SC7EE.log
127s (2m7s),2,"SC9AT.log, SC81E.log"
200s (3m20s),1,SC9CT.log
1878s (31m18s),1,SC9EE.log
79376s (22h2m),1,SC14E.log
79098s (21h58m),1,SC14L.log
1357s (22m37s),1,SC17E.log
2679s (44m39s),1,SC22E.log
2694s (44m54s),1,SC22T.log
2728s (45m28s),1,SC32E.log
2681s (44m41s),1,SC32T.log
650s (10m50s),1,SC42E.log
6096s (1h41m),1,SC65T.log
695s (11m35s),1,SC77L.log
1509s (25m9s),1,SC77T.log
2623s (43m43s),1,SC82E.log
2635s (43m55s),1,SC82T.log
24169s (6h42m),1,SC83E.log
789s (13m9s),1,SC83L.log
221s (3m41s),1,SC88T.log
95s (1m35s),3,"VV01T.log, VV06E.log, ZC47T.log"
275s (4m35s),1,VV08E.log
594s (9m54s),1,VV10L.log
718s (11m58s),1,VV10T.log
270s (4m30s),1,VV11T.log
192s (3m12s),1,VV12E.log
628669s (7d6h),1,VV13E.log
318339s (3d16h),1,VV13L.log
1178s (19m38s),1,VV14E.log
15374s (4h16m),1,VV19E.log
35694s (9h54m),1,VV23E.log
581s (9m41s),1,VV25L.log
752s (12m32s),1,VV25T.log
1315s (21m55s),1,VV27E.log
376s (6m16s),1,VV28E.log
1149s (19m9s),1,VV29E.log
154707s (1d18h),1,VV29L.log
6444s (1h47m),1,VV34E.log
220s (3m40s),1,VV38F.log
271s (4m31s),1,VV38T.log
40194s (11h9m),1,VV40E.log
5444s (1h30m),1,VV45E.log
190253s (2d4h),1,VV45L.log
730573s (8d10h),1,VV46E.log
221280s (2d13h),1,VV46F.log
472s (7m52s),1,ZA26T.log
1511s (25m11s),1,ZA28E.log
1367s (22m47s),1,ZA28L.log
261s (4m21s),1,ZA29E.log
225s (3m45s),1,ZA31T.log
490s (8m10s),1,ZA37E.log
312s (5m12s),1,ZA39E.log
118s (1m58s),1,ZA44L.log
193s (3m13s),1,ZA44T.log
6737s (1h52m),1,ZA52E.log
11568s (3h12m),1,ZA52L.log
2599s (43m19s),1,ZA55E.log
41520s (11h32m),1,ZA86L.log
7041s (1h57m),1,ZA86T.log
21551s (5h59m),1,ZA91E.log
20061s (5h34m),1,ZA91T.log
77045s (21h24m),1,ZA96E.log
98165s (1d3h),1,ZA96T.log
147s (2m27s),1,ZC01L.log
146630s (1d16h),1,ZC1AE.log
146487s (1d16h),1,ZC1AT.log
30521s (8h28m),1,ZC9AE.log
8771s (2h26m),1,ZC9DE.log
7574s (2h6m),1,ZC9DL.log
13587s (3h46m),1,ZC11E.log
15s,2,"ZC12L.log, ZC65L.log"
2510s (41m50s),1,ZC26E.log
2364s (39m24s),1,ZC26L.log
28960s (8h2m),1,ZC44E.log
28794s (7h59m),1,ZC44L.log
236s (3m56s),1,ZC45T.log
28620s (7h57m),1,ZC49E.log
28414s (7h53m),1,ZC49L.log
9710s (2h41m),1,ZC50E.log
168284s (1d22h),1,ZC53L.log
168441s (1d22h),1,ZC53T.log
1260s (21m0s),1,ZC70E.log
207s (3m27s),1,ZC70L.log
334s (5m34s),1,ZC72T.log
75461s (20h57m),1,ZC77E.log
72808s (20h13m),1,ZC77L.log
34681s (9h38m),1,ZC81E.log
442s (7m22s),1,ZC81F.log
84412s (23h26m),1,ZC91T.log
603s (10m3s),1,ZC93L.log
