File Name,Metric,NodeUpgrade,NodeManual,NodeSpontaneous,AllNodeRestarts,PartialOutages
CS01T.log,Number Of outages,0,0,0,0,14
CS01T.log,Total downtime,0s,0s,0s,0s,6420s (1h47m)
CS01T.log,Downtime per day,0s,0s,0s,0s,214s (3m34s)
CS01T.log,Downtime per outage,0s,0s,0s,0s,459s (7m39s)
CS02E.log,Number Of outages,0,0,0,0,11
CS02E.log,Total downtime,0s,0s,0s,0s,89s (1m29s)
CS02E.log,Downtime per day,0s,0s,0s,0s,3s
CS02E.log,Downtime per outage,0s,0s,0s,0s,8s
CS02L.log,Number Of outages,0,0,0,0,3
CS02L.log,Total downtime,0s,0s,0s,0s,43s
CS02L.log,Downtime per day,0s,0s,0s,0s,1s
CS02L.log,Downtime per outage,0s,0s,0s,0s,14s
CS08T.log,Number Of outages,0,0,0,0,20
CS08T.log,Total downtime,0s,0s,0s,0s,616s (10m16s)
CS08T.log,Downtime per day,0s,0s,0s,0s,21s
CS08T.log,Downtime per outage,0s,0s,0s,0s,31s
CS0AL.log,Number Of outages,0,0,1,1,11
CS0AL.log,Total downtime,0s,0s,12599s (3h29m),12599s (3h29m),701s (11m41s)
CS0AL.log,Downtime per day,0s,0s,420s (7m0s),420s (7m0s),23s
CS0AL.log,Downtime per outage,0s,0s,12599s (3h29m),12599s (3h29m),64s (1m4s)
CS0AT.log,Number Of outages,0,0,1,1,22
CS0AT.log,Total downtime,0s,0s,12593s (3h29m),12593s (3h29m),807s (13m27s)
CS0AT.log,Downtime per day,0s,0s,420s (7m0s),420s (7m0s),27s
CS0AT.log,Downtime per outage,0s,0s,12593s (3h29m),12593s (3h29m),37s
CS0BE.log,Number Of outages,0,0,0,0,13
CS0BE.log,Total downtime,0s,0s,0s,0s,97s (1m37s)
CS0BE.log,Downtime per day,0s,0s,0s,0s,3s
CS0BE.log,Downtime per outage,0s,0s,0s,0s,7s
CS0BL.log,Number Of outages,0,0,0,0,3
CS0BL.log,Total downtime,0s,0s,0s,0s,24s
CS0BL.log,Downtime per day,0s,0s,0s,0s,1s
CS0BL.log,Downtime per outage,0s,0s,0s,0s,8s
CS0DL.log,Number Of outages,0,0,0,0,6
CS0DL.log,Total downtime,0s,0s,0s,0s,47s
CS0DL.log,Downtime per day,0s,0s,0s,0s,2s
CS0DL.log,Downtime per outage,0s,0s,0s,0s,8s
CS0DT.log,Number Of outages,0,0,0,0,13
CS0DT.log,Total downtime,0s,0s,0s,0s,100s (1m40s)
CS0DT.log,Downtime per day,0s,0s,0s,0s,3s
CS0DT.log,Downtime per outage,0s,0s,0s,0s,8s
CS0EE.log,Number Of outages,0,0,1,1,20
CS0EE.log,Total downtime,0s,0s,1229s (20m29s),1229s (20m29s),138s (2m18s)
CS0EE.log,Downtime per day,0s,0s,41s,41s,5s
CS0EE.log,Downtime per outage,0s,0s,1229s (20m29s),1229s (20m29s),7s
CS0EL.log,Number Of outages,0,0,1,1,3
CS0EL.log,Total downtime,0s,0s,1241s (20m41s),1241s (20m41s),22s
CS0EL.log,Downtime per day,0s,0s,41s,41s,1s
CS0EL.log,Downtime per outage,0s,0s,1241s (20m41s),1241s (20m41s),7s
CS0FE.log,Number Of outages,0,0,0,0,26
CS0FE.log,Total downtime,0s,0s,0s,0s,42425s (11h47m)
CS0FE.log,Downtime per day,0s,0s,0s,0s,1414s (23m34s)
CS0FE.log,Downtime per outage,0s,0s,0s,0s,1632s (27m12s)
CS1AL.log,Number Of outages,0,0,0,0,41
CS1AL.log,Total downtime,0s,0s,0s,0s,2220s (37m0s)
CS1AL.log,Downtime per day,0s,0s,0s,0s,74s (1m14s)
CS1AL.log,Downtime per outage,0s,0s,0s,0s,54s
CS1AT.log,Number Of outages,0,0,0,0,68
CS1AT.log,Total downtime,0s,0s,0s,0s,2756s (45m56s)
CS1AT.log,Downtime per day,0s,0s,0s,0s,92s (1m32s)
CS1AT.log,Downtime per outage,0s,0s,0s,0s,41s
CS1BL.log,Number Of outages,0,0,0,0,5
CS1BL.log,Total downtime,0s,0s,0s,0s,50s
CS1BL.log,Downtime per day,0s,0s,0s,0s,2s
CS1BL.log,Downtime per outage,0s,0s,0s,0s,10s
CS1BT.log,Number Of outages,0,0,0,0,16
CS1BT.log,Total downtime,0s,0s,0s,0s,138s (2m18s)
CS1BT.log,Downtime per day,0s,0s,0s,0s,5s
CS1BT.log,Downtime per outage,0s,0s,0s,0s,9s
CS2AE.log,Number Of outages,0,0,0,0,32
CS2AE.log,Total downtime,0s,0s,0s,0s,4808s (1h20m)
CS2AE.log,Downtime per day,0s,0s,0s,0s,160s (2m40s)
CS2AE.log,Downtime per outage,0s,0s,0s,0s,150s (2m30s)
CS2AL.log,Number Of outages,0,0,0,0,18
CS2AL.log,Total downtime,0s,0s,0s,0s,4590s (1h16m)
CS2AL.log,Downtime per day,0s,0s,0s,0s,153s (2m33s)
CS2AL.log,Downtime per outage,0s,0s,0s,0s,255s (4m15s)
CS2DE.log,Number Of outages,0,1,0,1,63
CS2DE.log,Total downtime,0s,130s (2m10s),0s,130s (2m10s),13690s (3h48m)
CS2DE.log,Downtime per day,0s,4s,0s,4s,456s (7m36s)
CS2DE.log,Downtime per outage,0s,130s (2m10s),0s,130s (2m10s),217s (3m37s)
CS2DL.log,Number Of outages,0,1,0,1,25
CS2DL.log,Total downtime,0s,125s (2m5s),0s,125s (2m5s),6759s (1h52m)
CS2DL.log,Downtime per day,0s,4s,0s,4s,225s (3m45s)
CS2DL.log,Downtime per outage,0s,125s (2m5s),0s,125s (2m5s),270s (4m30s)
CS44T.log,Number Of outages,0,0,0,0,12
CS44T.log,Total downtime,0s,0s,0s,0s,81s (1m21s)
CS44T.log,Downtime per day,0s,0s,0s,0s,3s
CS44T.log,Downtime per outage,0s,0s,0s,0s,7s
CS52L.log,Number Of outages,0,0,0,0,4
CS52L.log,Total downtime,0s,0s,0s,0s,45s
CS52L.log,Downtime per day,0s,0s,0s,0s,2s
CS52L.log,Downtime per outage,0s,0s,0s,0s,11s
CS52T.log,Number Of outages,0,0,0,0,8
CS52T.log,Total downtime,0s,0s,0s,0s,63s (1m3s)
CS52T.log,Downtime per day,0s,0s,0s,0s,2s
CS52T.log,Downtime per outage,0s,0s,0s,0s,8s
CS53E.log,Number Of outages,0,0,0,0,13
CS53E.log,Total downtime,0s,0s,0s,0s,106s (1m46s)
CS53E.log,Downtime per day,0s,0s,0s,0s,4s
CS53E.log,Downtime per outage,0s,0s,0s,0s,8s
CS53L.log,Number Of outages,0,0,0,0,2
CS53L.log,Total downtime,0s,0s,0s,0s,18s
CS53L.log,Downtime per day,0s,0s,0s,0s,1s
CS53L.log,Downtime per outage,0s,0s,0s,0s,9s
CS56E.log,Number Of outages,0,0,1,1,31
CS56E.log,Total downtime,0s,0s,895s (14m55s),895s (14m55s),152093s (1d18h)
CS56E.log,Downtime per day,0s,0s,30s,30s,5070s (1h24m)
CS56E.log,Downtime per outage,0s,0s,895s (14m55s),895s (14m55s),4906s (1h21m)
CS56L.log,Number Of outages,0,0,1,1,7
CS56L.log,Total downtime,0s,0s,899s (14m59s),899s (14m59s),75746s (21h2m)
CS56L.log,Downtime per day,0s,0s,30s,30s,2525s (42m5s)
CS56L.log,Downtime per outage,0s,0s,899s (14m59s),899s (14m59s),10821s (3h0m)
CS5EE.log,Number Of outages,0,0,0,0,21
CS5EE.log,Total downtime,0s,0s,0s,0s,15211s (4h13m)
CS5EE.log,Downtime per day,0s,0s,0s,0s,507s (8m27s)
CS5EE.log,Downtime per outage,0s,0s,0s,0s,724s (12m4s)
CS60L.log,Number Of outages,0,0,0,0,7
CS60L.log,Total downtime,0s,0s,0s,0s,42s
CS60L.log,Downtime per day,0s,0s,0s,0s,1s
CS60L.log,Downtime per outage,0s,0s,0s,0s,6s
CS60T.log,Number Of outages,0,0,0,0,21
CS60T.log,Total downtime,0s,0s,0s,0s,120s (2m0s)
CS60T.log,Downtime per day,0s,0s,0s,0s,4s
CS60T.log,Downtime per outage,0s,0s,0s,0s,6s
CS61L.log,Number Of outages,0,0,0,0,3
CS61L.log,Total downtime,0s,0s,0s,0s,28s
CS61L.log,Downtime per day,0s,0s,0s,0s,1s
CS61L.log,Downtime per outage,0s,0s,0s,0s,9s
CS61T.log,Number Of outages,0,0,0,0,14
CS61T.log,Total downtime,0s,0s,0s,0s,94s (1m34s)
CS61T.log,Downtime per day,0s,0s,0s,0s,3s
CS61T.log,Downtime per outage,0s,0s,0s,0s,7s
CS63E.log,Number Of outages,0,0,1,1,25
CS63E.log,Total downtime,0s,0s,328s (5m28s),328s (5m28s),119s (1m59s)
CS63E.log,Downtime per day,0s,0s,11s,11s,4s
CS63E.log,Downtime per outage,0s,0s,328s (5m28s),328s (5m28s),5s
CS63L.log,Number Of outages,0,0,1,1,4
CS63L.log,Total downtime,0s,0s,335s (5m35s),335s (5m35s),22s
CS63L.log,Downtime per day,0s,0s,11s,11s,1s
CS63L.log,Downtime per outage,0s,0s,335s (5m35s),335s (5m35s),6s
CS66L.log,Number Of outages,0,0,0,0,2
CS66L.log,Total downtime,0s,0s,0s,0s,21s
CS66L.log,Downtime per day,0s,0s,0s,0s,1s
CS66L.log,Downtime per outage,0s,0s,0s,0s,10s
CS66T.log,Number Of outages,0,0,0,0,9
CS66T.log,Total downtime,0s,0s,0s,0s,88s (1m28s)
CS66T.log,Downtime per day,0s,0s,0s,0s,3s
CS66T.log,Downtime per outage,0s,0s,0s,0s,10s
CS67L.log,Number Of outages,0,0,2,2,15
CS67L.log,Total downtime,0s,0s,88449s (1d0h),88449s (1d0h),132s (2m12s)
CS67L.log,Downtime per day,0s,0s,2948s (49m8s),2948s (49m8s),4s
CS67L.log,Downtime per outage,0s,0s,44224s (12h17m),44224s (12h17m),9s
CS67T.log,Number Of outages,0,0,2,2,78
CS67T.log,Total downtime,0s,0s,88541s (1d0h),88541s (1d0h),479s (7m59s)
CS67T.log,Downtime per day,0s,0s,2951s (49m11s),2951s (49m11s),16s
CS67T.log,Downtime per outage,0s,0s,44270s (12h17m),44270s (12h17m),6s
CS68L.log,Number Of outages,0,0,0,0,5
CS68L.log,Total downtime,0s,0s,0s,0s,47s
CS68L.log,Downtime per day,0s,0s,0s,0s,2s
CS68L.log,Downtime per outage,0s,0s,0s,0s,9s
CS68T.log,Number Of outages,0,0,0,0,38
CS68T.log,Total downtime,0s,0s,0s,0s,2546s (42m26s)
CS68T.log,Downtime per day,0s,0s,0s,0s,85s (1m25s)
CS68T.log,Downtime per outage,0s,0s,0s,0s,67s (1m7s)
CS69E.log,Number Of outages,0,0,0,0,26
CS69E.log,Total downtime,0s,0s,0s,0s,76900s (21h21m)
CS69E.log,Downtime per day,0s,0s,0s,0s,2563s (42m43s)
CS69E.log,Downtime per outage,0s,0s,0s,0s,2958s (49m18s)
CS6FT.log,Number Of outages,0,0,1,1,62
CS6FT.log,Total downtime,0s,0s,428s (7m8s),428s (7m8s),41484s (11h31m)
CS6FT.log,Downtime per day,0s,0s,14s,14s,1383s (23m3s)
CS6FT.log,Downtime per outage,0s,0s,428s (7m8s),428s (7m8s),669s (11m9s)
CS70L.log,Number Of outages,0,0,0,0,6
CS70L.log,Total downtime,0s,0s,0s,0s,238s (3m58s)
CS70L.log,Downtime per day,0s,0s,0s,0s,8s
CS70L.log,Downtime per outage,0s,0s,0s,0s,40s
CS70T.log,Number Of outages,0,0,0,0,14
CS70T.log,Total downtime,0s,0s,0s,0s,375s (6m15s)
CS70T.log,Downtime per day,0s,0s,0s,0s,12s
CS70T.log,Downtime per outage,0s,0s,0s,0s,27s
CS72E.log,Number Of outages,0,0,0,0,18
CS72E.log,Total downtime,0s,0s,0s,0s,156s (2m36s)
CS72E.log,Downtime per day,0s,0s,0s,0s,5s
CS72E.log,Downtime per outage,0s,0s,0s,0s,9s
CS72L.log,Number Of outages,0,0,0,0,3
CS72L.log,Total downtime,0s,0s,0s,0s,26s
CS72L.log,Downtime per day,0s,0s,0s,0s,1s
CS72L.log,Downtime per outage,0s,0s,0s,0s,9s
CS73E.log,Number Of outages,0,0,0,0,19
CS73E.log,Total downtime,0s,0s,0s,0s,587s (9m47s)
CS73E.log,Downtime per day,0s,0s,0s,0s,20s
CS73E.log,Downtime per outage,0s,0s,0s,0s,31s
CS74L.log,Number Of outages,0,0,0,0,3
CS74L.log,Total downtime,0s,0s,0s,0s,32s
CS74L.log,Downtime per day,0s,0s,0s,0s,1s
CS74L.log,Downtime per outage,0s,0s,0s,0s,11s
CS74T.log,Number Of outages,0,0,0,0,19
CS74T.log,Total downtime,0s,0s,0s,0s,134s (2m14s)
CS74T.log,Downtime per day,0s,0s,0s,0s,4s
CS74T.log,Downtime per outage,0s,0s,0s,0s,7s
CS75L.log,Number Of outages,0,0,0,0,5
CS75L.log,Total downtime,0s,0s,0s,0s,37s
CS75L.log,Downtime per day,0s,0s,0s,0s,1s
CS75L.log,Downtime per outage,0s,0s,0s,0s,7s
CS75T.log,Number Of outages,0,0,0,0,27
CS75T.log,Total downtime,0s,0s,0s,0s,185s (3m5s)
CS75T.log,Downtime per day,0s,0s,0s,0s,6s
CS75T.log,Downtime per outage,0s,0s,0s,0s,7s
CS7CE.log,Number Of outages,0,0,0,0,18
CS7CE.log,Total downtime,0s,0s,0s,0s,646s (10m46s)
CS7CE.log,Downtime per day,0s,0s,0s,0s,22s
CS7CE.log,Downtime per outage,0s,0s,0s,0s,36s
CS7EE.log,Number Of outages,0,0,0,0,32
CS7EE.log,Total downtime,0s,0s,0s,0s,6642s (1h50m)
CS7EE.log,Downtime per day,0s,0s,0s,0s,221s (3m41s)
CS7EE.log,Downtime per outage,0s,0s,0s,0s,208s (3m28s)
CS80T.log,Number Of outages,0,0,0,0,994
CS80T.log,Total downtime,0s,0s,0s,0s,9978s (2h46m)
CS80T.log,Downtime per day,0s,0s,0s,0s,434s (7m14s)
CS80T.log,Downtime per outage,0s,0s,0s,0s,10s
CS82T.log,Number Of outages,0,2,1,3,44
CS82T.log,Total downtime,0s,189s (3m9s),3613s (1h0m),3802s (1h3m),31145s (8h39m)
CS82T.log,Downtime per day,0s,6s,120s (2m0s),127s (2m7s),1038s (17m18s)
CS82T.log,Downtime per outage,0s,94s (1m34s),3613s (1h0m),1267s (21m7s),708s (11m48s)
CS84E.log,Number Of outages,0,0,0,0,7
CS84E.log,Total downtime,0s,0s,0s,0s,62s (1m2s)
CS84E.log,Downtime per day,0s,0s,0s,0s,2s
CS84E.log,Downtime per outage,0s,0s,0s,0s,9s
CS84L.log,Number Of outages,0,0,0,0,2
CS84L.log,Total downtime,0s,0s,0s,0s,23s
CS84L.log,Downtime per day,0s,0s,0s,0s,1s
CS84L.log,Downtime per outage,0s,0s,0s,0s,12s
CS85L.log,Number Of outages,0,0,0,0,3
CS85L.log,Total downtime,0s,0s,0s,0s,29s
CS85L.log,Downtime per day,0s,0s,0s,0s,1s
CS85L.log,Downtime per outage,0s,0s,0s,0s,10s
CS85T.log,Number Of outages,0,0,0,0,14
CS85T.log,Total downtime,0s,0s,0s,0s,98s (1m38s)
CS85T.log,Downtime per day,0s,0s,0s,0s,3s
CS85T.log,Downtime per outage,0s,0s,0s,0s,7s
CS8BE.log,Number Of outages,0,0,0,0,11
CS8BE.log,Total downtime,0s,0s,0s,0s,96s (1m36s)
CS8BE.log,Downtime per day,0s,0s,0s,0s,3s
CS8BE.log,Downtime per outage,0s,0s,0s,0s,9s
CS8CT.log,Number Of outages,0,0,2,2,17
CS8CT.log,Total downtime,0s,0s,20666s (5h44m),20666s (5h44m),105s (1m45s)
CS8CT.log,Downtime per day,0s,0s,689s (11m29s),689s (11m29s),4s
CS8CT.log,Downtime per outage,0s,0s,10333s (2h52m),10333s (2h52m),6s
CS8DE.log,Number Of outages,0,0,0,0,17
CS8DE.log,Total downtime,0s,0s,0s,0s,282010s (3d6h)
CS8DE.log,Downtime per day,0s,0s,0s,0s,9400s (2h36m)
CS8DE.log,Downtime per outage,0s,0s,0s,0s,16589s (4h36m)
CS8FL.log,Number Of outages,0,0,0,0,7
CS8FL.log,Total downtime,0s,0s,0s,0s,128s (2m8s)
CS8FL.log,Downtime per day,0s,0s,0s,0s,4s
CS8FL.log,Downtime per outage,0s,0s,0s,0s,18s
CS92E.log,Number Of outages,0,0,0,0,113
CS92E.log,Total downtime,0s,0s,0s,0s,12632s (3h30m)
CS92E.log,Downtime per day,0s,0s,0s,0s,421s (7m1s)
CS92E.log,Downtime per outage,0s,0s,0s,0s,112s (1m52s)
CS92T.log,Number Of outages,0,0,0,0,76
CS92T.log,Total downtime,0s,0s,0s,0s,12707s (3h31m)
CS92T.log,Downtime per day,0s,0s,0s,0s,424s (7m4s)
CS92T.log,Downtime per outage,0s,0s,0s,0s,167s (2m47s)
CS93E.log,Number Of outages,0,0,0,0,19
CS93E.log,Total downtime,0s,0s,0s,0s,143s (2m23s)
CS93E.log,Downtime per day,0s,0s,0s,0s,5s
CS93E.log,Downtime per outage,0s,0s,0s,0s,8s
CS93L.log,Number Of outages,0,0,0,0,3
CS93L.log,Total downtime,0s,0s,0s,0s,32s
CS93L.log,Downtime per day,0s,0s,0s,0s,1s
CS93L.log,Downtime per outage,0s,0s,0s,0s,11s
RLC5T.log,Number Of outages,0,0,0,0,6
RLC5T.log,Total downtime,0s,0s,0s,0s,60s (1m0s)
RLC5T.log,Downtime per day,0s,0s,0s,0s,2s
RLC5T.log,Downtime per outage,0s,0s,0s,0s,10s
ZC99T.log,Number Of outages,0,0,1,1,18
ZC99T.log,Total downtime,0s,0s,417s (6m57s),417s (6m57s),149s (2m29s)
ZC99T.log,Downtime per day,0s,0s,14s,14s,5s
ZC99T.log,Downtime per outage,0s,0s,417s (6m57s),417s (6m57s),8s
