File Name,Data,Ora,Tipo/Ragione,Valore,Commento,Durata
CS2AL.log,2025-10-06,23:30:30,PartialOutage(Manual),100% Lrat Cell 21,(),1s
CS2AL.log,2025-10-06,23:30:15,PartialOutage(Manual),100% Lrat Cell 21 22 23,(),15s
CS0DL.log,2025-10-06,23:30:13,PartialOutage(Manual),100% Lrat Cell 21 22 23,(),13s
CS2DE.log,2025-10-03,12:47:55,PartialOutage(Manual),25% Lrat Cell 71 72 73,CXP2010174/2_R27J08 (25.Q1),13s
CS2DE.log,2025-10-03,12:47:54,PartialOutage(Manual),42% Lrat Cell 71 72 73 31 32,CXP2010174/2_R27J08 (25.Q1),1s
CS2AL.log,2025-09-30,23:32:58,PartialOutage(Manual),100% Lrat Cell 21,(),1s
CS0DL.log,2025-09-30,23:32:55,PartialOutage(Manual),100% Lrat Cell 21 22,(),1s
CS2AL.log,2025-09-30,23:32:42,PartialOutage(Manual),100% Lrat Cell 21 22 23,(),16s
CS0DL.log,2025-09-30,23:32:39,PartialOutage(Manual),100% Lrat Cell 21 22 23,(),16s
CS6FT.log,2025-09-22,16:53:07,PartialOutage(Manual),100% Lrat Cell 31 41,CXP9024418/16_R8D21 (RCG123.3-3),2s
CS6FT.log,2025-09-22,16:53:06,PartialOutage(Manual),100% Lrat Cell 31 32 41 42,CXP9024418/16_R8D21 (RCG123.3-3),1s
CS6FT.log,2025-09-22,16:53:04,PartialOutage(Manual),100% Lrat Cell 31 32 33 41 42 43,CXP9024418/16_R8D21 (RCG123.3-3),2s
CS6FT.log,2025-09-22,07:23:20,PartialOutage(Manual),100% Lrat Cell 61 62 63 31 32 33 41 42 43,CXP9024418/16_R8D21 (RCG123.3-3),34184s (9h29m)
CS6FT.log,2025-09-22,07:23:17,PartialOutage(Manual),56% Lrat Cell 63 31 32 33 41,CXP9024418/16_R8D21 (RCG123.3-3),3s
CS6FT.log,2025-09-22,07:23:16,PartialOutage(Manual),100% Lrat Cell 161 162 163,CXP9024418/16_R8D21 (RCG123.3-3),1s
CS6FT.log,2025-09-17,10:54:20,PartialOutage(Manual),100% Lrat Cell 32 41 42,CXP9024418/16_R8D21 (RCG123.3-3),2s
CS6FT.log,2025-09-17,10:54:18,PartialOutage(Manual),100% Lrat Cell 31 32 33 41 42 43,CXP9024418/16_R8D21 (RCG123.3-3),1s
CS5EE.log,2025-09-09,12:14:43,PartialOutage(Manual),100% Lrat Cell 42,(),1s
CS5EE.log,2025-09-09,12:14:41,PartialOutage(Manual),100% Lrat Cell 32 42,(),2s
CS5EE.log,2025-09-09,12:14:40,PartialOutage(Manual),100% Lrat Cell 31 32 41 42,(),1s
CS5EE.log,2025-09-09,12:14:39,PartialOutage(Manual),100% Lrat Cell 61 31 32 41 42,(),1s
CS5EE.log,2025-09-09,08:09:41,PartialOutage(Manual),100% Lrat Cell 61 62 31 32 41 42,(),14698s (4h4m)
CS5EE.log,2025-09-09,08:09:39,PartialOutage(Manual),83% Lrat Cell 61 31 32 41 42,(),2s
CS5EE.log,2025-09-09,08:09:37,PartialOutage(Manual),50% Lrat Cell 61 31 32,(),2s
CS5EE.log,2025-09-09,08:09:36,PartialOutage(Manual),100% Lrat Cell 161 162,(),1s
CS0FE.log,2025-09-08,12:47:20,PartialOutage(Manual),100% Lrat Cell 33,(),1s
CS0FE.log,2025-09-08,12:47:19,PartialOutage(Manual),100% Lrat Cell 33 41,(),1s
CS0FE.log,2025-09-08,12:47:18,PartialOutage(Manual),100% Lrat Cell 61 62 63 31 33 41,(),1s
CS0FE.log,2025-09-08,12:47:17,PartialOutage(Manual),100% Lrat Cell 61 62 63 31 32 33 41 42,(),1s
CS01T.log,2025-09-08,08:23:32,PartialOutage(Manual),33% Lrat Cell 43,(),2s
CS01T.log,2025-09-08,08:23:13,PartialOutage(Manual),50% Lrat Cell 63,(),11s
CS01T.log,2025-09-08,08:23:10,PartialOutage(Manual),100% Lrat Cell 163,(),3s
CS1AT.log,2025-09-08,07:58:18,PartialOutage(Manual),52% Lrat Cell 162,(),18s
CS1AT.log,2025-09-08,07:58:02,PartialOutage(Manual),41% Lrat Cell 161 162,(),6s
CS1AT.log,2025-09-08,07:57:58,PartialOutage(Manual),11% Lrat Cell 62,(),4s
CS1AT.log,2025-09-08,07:57:48,PartialOutage(Manual),11% Lrat Cell 61,(),6s
CS1AT.log,2025-09-08,07:57:44,PartialOutage(Manual),33% Lrat Cell 161 163,(),4s
CS1AT.log,2025-09-08,07:57:21,PartialOutage(Manual),11% Lrat Cell 63,(),19s
CS1AT.log,2025-09-08,07:57:20,PartialOutage(Manual),33% Lrat Cell 163,(),1s
CS1AT.log,2025-09-08,07:57:07,PartialOutage(Manual),11% Lrat Cell 32,(),11s
CS1AT.log,2025-09-08,07:56:54,PartialOutage(Manual),11% Lrat Cell 31,(),10s
CS1AT.log,2025-09-08,07:56:42,PartialOutage(Manual),11% Lrat Cell 33,(),10s
CS1AT.log,2025-09-08,07:56:29,PartialOutage(Manual),11% Lrat Cell 41,(),11s
CS1AT.log,2025-09-08,07:56:14,PartialOutage(Manual),11% Lrat Cell 43,(),10s
CS1AT.log,2025-09-08,07:56:01,PartialOutage(Manual),11% Lrat Cell 42,(),10s
CS0DT.log,2025-09-08,07:51:28,PartialOutage(Manual),11% Lrat Cell 41,(),12s
CS0DT.log,2025-09-08,07:51:15,PartialOutage(Manual),11% Lrat Cell 43,(),10s
CS0DT.log,2025-09-08,07:50:55,PartialOutage(Manual),11% Lrat Cell 42,(),15s
CS0DT.log,2025-09-08,07:50:42,PartialOutage(Manual),11% Lrat Cell 32,(),10s
CS0DT.log,2025-09-08,07:50:24,PartialOutage(Manual),9% Lrat Cell 31,(),7s
CS0DT.log,2025-09-08,07:50:12,PartialOutage(Manual),53% Lrat Cell 162,(),7s
CS0DT.log,2025-09-08,07:50:10,PartialOutage(Manual),8% Lrat Cell 33,(),2s
CS0DT.log,2025-09-08,07:49:57,PartialOutage(Manual),44% Lrat Cell 161 162,(),7s
CS0DT.log,2025-09-08,07:49:52,PartialOutage(Manual),11% Lrat Cell 62,(),5s
CS0DT.log,2025-09-08,07:49:42,PartialOutage(Manual),11% Lrat Cell 61,(),10s
CS0DT.log,2025-09-08,07:49:38,PartialOutage(Manual),33% Lrat Cell 161 163,(),4s
CS0DT.log,2025-09-08,07:49:26,PartialOutage(Manual),11% Lrat Cell 63,(),10s
CS0DT.log,2025-09-08,07:49:25,PartialOutage(Manual),33% Lrat Cell 163,(),1s
CS2DL.log,2025-09-08,07:41:48,PartialOutage(Manual),33% Lrat Cell 23,(),13s
CS2DL.log,2025-09-08,07:41:36,PartialOutage(Manual),33% Lrat Cell 22,(),8s
CS2DL.log,2025-09-08,07:41:19,PartialOutage(Manual),33% Lrat Cell 21,(),13s
CS1BL.log,2025-09-08,07:21:52,PartialOutage(Manual),33% Lrat Cell 23,(),8s
CS1BL.log,2025-09-08,07:21:35,PartialOutage(Manual),33% Lrat Cell 21,(),9s
CS1BL.log,2025-09-08,07:21:18,PartialOutage(Manual),33% Lrat Cell 22,(),9s
CS7EE.log,2025-09-08,07:17:10,PartialOutage(Manual),58% Lrat Cell 161,(),10s
CS7EE.log,2025-09-08,07:17:08,PartialOutage(Manual),8% Lrat Cell 31,(),2s
CS7EE.log,2025-09-08,07:16:56,PartialOutage(Manual),50% Lrat Cell 161 162,(),7s
CS7EE.log,2025-09-08,07:16:53,PartialOutage(Manual),11% Lrat Cell 61,(),3s
CS7EE.log,2025-09-08,07:16:52,PartialOutage(Manual),50% Lrat Cell 161 162 163,(),1s
CS7EE.log,2025-09-08,07:16:39,PartialOutage(Manual),11% Lrat Cell 62,(),8s
CS7EE.log,2025-09-08,07:16:38,PartialOutage(Manual),33% Lrat Cell 162 163,(),1s
CS7EE.log,2025-09-08,07:16:26,PartialOutage(Manual),11% Lrat Cell 63,(),8s
CS7EE.log,2025-09-08,07:16:23,PartialOutage(Manual),33% Lrat Cell 163,(),3s
CS7EE.log,2025-09-08,07:16:05,PartialOutage(Manual),11% Lrat Cell 33,(),15s
CS7EE.log,2025-09-08,07:16:04,PartialOutage(Manual),11% Lrat Cell 32 33,(),1s
CS7EE.log,2025-09-08,07:15:52,PartialOutage(Manual),11% Lrat Cell 32,(),12s
CS7EE.log,2025-09-08,07:15:41,PartialOutage(Manual),11% Lrat Cell 41,(),9s
CS7EE.log,2025-09-08,07:15:27,PartialOutage(Manual),11% Lrat Cell 42,(),13s
CS7EE.log,2025-09-08,07:15:12,PartialOutage(Manual),11% Lrat Cell 43,(),9s
CS8BE.log,2025-09-08,07:03:41,PartialOutage(Manual),11% Lrat Cell 33,(),10s
CS8BE.log,2025-09-08,07:03:28,PartialOutage(Manual),11% Lrat Cell 31,(),10s
CS8BE.log,2025-09-08,07:03:15,PartialOutage(Manual),11% Lrat Cell 32,(),9s
CS8BE.log,2025-09-08,07:02:58,PartialOutage(Manual),11% Lrat Cell 42,(),10s
CS8BE.log,2025-09-08,07:02:34,PartialOutage(Manual),8% Lrat Cell 43,(),2s
CS8BE.log,2025-09-08,07:02:19,PartialOutage(Manual),7% Lrat Cell 41,(),11s
CS8BE.log,2025-09-08,07:02:16,PartialOutage(Manual),55% Lrat Cell 163,(),3s
CS8BE.log,2025-09-08,07:01:57,PartialOutage(Manual),7% Lrat Cell 63,(),13s
CS8BE.log,2025-09-08,07:01:39,PartialOutage(Manual),7% Lrat Cell 61,(),11s
CS8BE.log,2025-09-08,07:01:19,PartialOutage(Manual),11% Lrat Cell 62,(),14s
CS8BE.log,2025-09-08,07:01:16,PartialOutage(Manual),33% Lrat Cell 162,(),3s
CS0FE.log,2025-09-08,06:55:50,PartialOutage(Manual),100% GNBDU Cell 561 562 563,(),21153s (5h52m)
CS0FE.log,2025-09-08,06:55:48,PartialOutage(Manual),66% GNBDU Cell 561 562,(),2s
CS0FE.log,2025-09-08,06:55:47,PartialOutage(Manual),33% GNBDU Cell 562,(),1s
CS0FE.log,2025-09-08,06:55:08,PartialOutage(Manual),100% Lrat Cell 61 62 63 31 32 33 41 42 43,(),21129s (5h52m)
CS0FE.log,2025-09-08,06:55:05,PartialOutage(Manual),78% Lrat Cell 61 62 31 33 41 42 43,(),3s
CS0FE.log,2025-09-08,06:55:03,PartialOutage(Manual),67% Lrat Cell 61 62 31 33 41 42,(),2s
CS0FE.log,2025-09-08,06:55:00,PartialOutage(Manual),33% Lrat Cell 61 33 42,(),3s
CS0FE.log,2025-09-08,06:54:59,PartialOutage(Manual),100% Lrat Cell 161 162 163,(),1s
CS1BT.log,2025-09-08,06:52:57,PartialOutage(Manual),11% Lrat Cell 32,(),10s
CS1BT.log,2025-09-08,06:52:33,PartialOutage(Manual),11% Lrat Cell 33,(),19s
CS1BT.log,2025-09-08,06:52:18,PartialOutage(Manual),11% Lrat Cell 31,(),11s
CS1BT.log,2025-09-08,06:52:07,PartialOutage(Manual),11% Lrat Cell 43,(),6s
CS1BT.log,2025-09-08,06:51:52,PartialOutage(Manual),8% Lrat Cell 41,(),1s
CS1BT.log,2025-09-08,06:51:36,PartialOutage(Manual),66% Lrat Cell 162,(),12s
CS1BT.log,2025-09-08,06:51:25,PartialOutage(Manual),66% Lrat Cell 162 163,(),10s
CS1BT.log,2025-09-08,06:51:16,PartialOutage(Manual),55% Lrat Cell 161 162 163,(),9s
CS1BT.log,2025-09-08,06:51:07,PartialOutage(Manual),5% Lrat Cell 63,(),8s
CS1BT.log,2025-09-08,06:51:02,PartialOutage(Manual),33% Lrat Cell 161 163,(),5s
CS1BT.log,2025-09-08,06:50:51,PartialOutage(Manual),11% Lrat Cell 61,(),9s
CS1BT.log,2025-09-08,06:50:48,PartialOutage(Manual),33% Lrat Cell 161,(),3s
CS0BL.log,2025-09-08,05:37:37,PartialOutage(Manual),33% Lrat Cell 21,(),7s
CS0BL.log,2025-09-08,05:37:25,PartialOutage(Manual),33% Lrat Cell 23,(),9s
CS0BL.log,2025-09-08,05:37:14,PartialOutage(Manual),33% Lrat Cell 22,(),8s
CS7CE.log,2025-09-08,05:12:45,PartialOutage(Manual),11% Lrat Cell 43,(),7s
CS7CE.log,2025-09-08,05:12:27,PartialOutage(Manual),11% Lrat Cell 42,(),11s
CS7CE.log,2025-09-08,05:12:12,PartialOutage(Manual),11% Lrat Cell 41,(),13s
CS7CE.log,2025-09-08,05:11:57,PartialOutage(Manual),11% Lrat Cell 33,(),11s
CS7CE.log,2025-09-08,05:11:41,PartialOutage(Manual),7% Lrat Cell 32,(),4s
CS7CE.log,2025-09-08,05:11:27,PartialOutage(Manual),6% Lrat Cell 31,(),10s
CS7CE.log,2025-09-08,05:11:25,PartialOutage(Manual),52% Lrat Cell 163,(),2s
CS7CE.log,2025-09-08,05:11:10,PartialOutage(Manual),6% Lrat Cell 63,(),9s
CS7CE.log,2025-09-08,05:11:06,PartialOutage(Manual),46% Lrat Cell 162,(),4s
CS7CE.log,2025-09-08,05:10:50,PartialOutage(Manual),3% Lrat Cell 62,(),11s
CS7CE.log,2025-09-08,05:10:28,PartialOutage(Manual),11% Lrat Cell 61,(),8s
CS08T.log,2025-09-08,05:01:49,PartialOutage(Manual),8% Lrat Cell 31,(),7s
CS08T.log,2025-09-08,05:01:35,PartialOutage(Manual),8% Lrat Cell 32,(),9s
CS08T.log,2025-09-08,05:01:24,PartialOutage(Manual),6% Lrat Cell 33,(),4s
CS08T.log,2025-09-08,05:01:12,PartialOutage(Manual),40% Lrat Cell 161,(),7s
CS08T.log,2025-09-08,05:01:08,PartialOutage(Manual),8% Lrat Cell 34,(),4s
CS08T.log,2025-09-08,05:00:57,PartialOutage(Manual),37% Lrat Cell 161 162,(),9s
CS08T.log,2025-09-08,05:00:53,PartialOutage(Manual),8% Lrat Cell 61,(),4s
CS08T.log,2025-09-08,05:00:41,PartialOutage(Manual),33% Lrat Cell 162 163,(),10s
CS08T.log,2025-09-08,05:00:40,PartialOutage(Manual),8% Lrat Cell 62,(),1s
CS08T.log,2025-09-08,05:00:39,PartialOutage(Manual),33% Lrat Cell 162 163 164,(),1s
CS08T.log,2025-09-08,05:00:29,PartialOutage(Manual),8% Lrat Cell 63,(),10s
CS08T.log,2025-09-08,05:00:25,PartialOutage(Manual),25% Lrat Cell 163 164,(),4s
CS08T.log,2025-09-08,05:00:14,PartialOutage(Manual),8% Lrat Cell 64,(),10s
CS08T.log,2025-09-08,05:00:09,PartialOutage(Manual),25% Lrat Cell 164,(),5s
CS08T.log,2025-09-08,04:59:57,PartialOutage(Manual),8% Lrat Cell 41,(),10s
CS08T.log,2025-09-08,04:59:45,PartialOutage(Manual),8% Lrat Cell 42,(),7s
CS08T.log,2025-09-08,04:59:33,PartialOutage(Manual),8% Lrat Cell 43,(),7s
CS08T.log,2025-09-08,04:59:23,PartialOutage(Manual),8% Lrat Cell 44,(),5s
CS0EL.log,2025-09-08,04:50:06,PartialOutage(Manual),33% Lrat Cell 23,(),9s
CS0EL.log,2025-09-08,04:49:56,PartialOutage(Manual),33% Lrat Cell 21,(),5s
CS0EL.log,2025-09-08,04:49:41,PartialOutage(Manual),33% Lrat Cell 22,(),8s
CS0AT.log,2025-09-08,04:27:23,PartialOutage(Manual),17% Lrat Cell 41,(),9s
CS0AT.log,2025-09-08,04:27:11,PartialOutage(Manual),17% Lrat Cell 42,(),9s
CS0AT.log,2025-09-08,04:26:58,PartialOutage(Manual),12% Lrat Cell 31,(),3s
CS0AT.log,2025-09-08,04:26:47,PartialOutage(Manual),66% Lrat Cell 161,(),9s
CS0AT.log,2025-09-08,04:26:39,PartialOutage(Manual),11% Lrat Cell 61,(),5s
CS0AT.log,2025-09-08,04:26:34,PartialOutage(Manual),50% Lrat Cell 161 162,(),5s
CS0AT.log,2025-09-08,04:26:26,PartialOutage(Manual),0% Lrat Cell 62,(),5s
CS0AT.log,2025-09-08,04:26:20,PartialOutage(Manual),50% Lrat Cell 162,(),6s
CS0EE.log,2025-09-08,04:08:18,PartialOutage(Manual),53% Lrat Cell 161,(),15s
CS0EE.log,2025-09-08,04:08:05,PartialOutage(Manual),50% Lrat Cell 161 163,(),9s
CS0EE.log,2025-09-08,04:08:03,PartialOutage(Manual),8% Lrat Cell 61,(),2s
CS0EE.log,2025-09-08,04:08:02,PartialOutage(Manual),50% Lrat Cell 161 162 163,(),1s
CS0EE.log,2025-09-08,04:07:50,PartialOutage(Manual),8% Lrat Cell 63,(),11s
CS0EE.log,2025-09-08,04:07:49,PartialOutage(Manual),33% Lrat Cell 162 163,(),1s
CS0EE.log,2025-09-08,04:07:37,PartialOutage(Manual),8% Lrat Cell 62,(),12s
CS0EE.log,2025-09-08,04:07:36,PartialOutage(Manual),33% Lrat Cell 162,(),1s
CS0EE.log,2025-09-08,04:07:25,PartialOutage(Manual),8% Lrat Cell 72,(),9s
CS0EE.log,2025-09-08,04:07:09,PartialOutage(Manual),8% Lrat Cell 71,(),13s
CS0EE.log,2025-09-08,04:06:57,PartialOutage(Manual),8% Lrat Cell 73,(),10s
CS0EE.log,2025-09-08,04:06:49,PartialOutage(Manual),8% Lrat Cell 31,(),6s
CS0EE.log,2025-09-08,04:06:36,PartialOutage(Manual),8% Lrat Cell 33,(),8s
CS0EE.log,2025-09-08,04:06:25,PartialOutage(Manual),8% Lrat Cell 32,(),8s
CS0EE.log,2025-09-08,04:06:19,PartialOutage(Manual),8% Lrat Cell 42,(),6s
CS0EE.log,2025-09-08,04:06:05,PartialOutage(Manual),8% Lrat Cell 41,(),7s
CS0EE.log,2025-09-08,04:05:50,PartialOutage(Manual),8% Lrat Cell 43,(),10s
CS02L.log,2025-09-08,03:12:30,PartialOutage(Manual),33% Lrat Cell 22,(),8s
CS02L.log,2025-09-08,03:12:02,PartialOutage(Manual),33% Lrat Cell 23,(),24s
CS02L.log,2025-09-08,03:11:48,PartialOutage(Manual),33% Lrat Cell 21,(),11s
CS0FE.log,2025-09-08,03:06:52,PartialOutage(Manual),11% Lrat Cell 31,(),10s
CS0FE.log,2025-09-08,03:06:39,PartialOutage(Manual),11% Lrat Cell 32,(),9s
CS0FE.log,2025-09-08,03:06:25,PartialOutage(Manual),11% Lrat Cell 33,(),13s
CS0FE.log,2025-09-08,03:06:12,PartialOutage(Manual),11% Lrat Cell 42,(),9s
CS0FE.log,2025-09-08,03:05:39,PartialOutage(Manual),11% Lrat Cell 41,(),10s
CS0FE.log,2025-09-08,03:05:35,PartialOutage(Manual),55% Lrat Cell 161,(),4s
CS0FE.log,2025-09-08,03:05:21,PartialOutage(Manual),11% Lrat Cell 61,(),12s
CS0FE.log,2025-09-08,03:05:20,PartialOutage(Manual),50% Lrat Cell 161 162,(),1s
CS0FE.log,2025-09-08,03:05:03,PartialOutage(Manual),11% Lrat Cell 62,(),13s
CS0FE.log,2025-09-08,03:05:02,PartialOutage(Manual),33% Lrat Cell 162 163,(),1s
CS0FE.log,2025-09-08,03:04:48,PartialOutage(Manual),11% Lrat Cell 63,(),12s
CS0FE.log,2025-09-08,03:04:45,PartialOutage(Manual),33% Lrat Cell 163,(),3s
CS0BE.log,2025-09-08,02:54:19,PartialOutage(Manual),53% Lrat Cell 163,(),15s
CS0BE.log,2025-09-08,02:54:04,PartialOutage(Manual),7% Lrat Cell 63,(),9s
CS0BE.log,2025-09-08,02:54:03,PartialOutage(Manual),44% Lrat Cell 161 162 163,(),1s
CS0BE.log,2025-09-08,02:53:52,PartialOutage(Manual),5% Lrat Cell 61,(),8s
CS0BE.log,2025-09-08,02:53:49,PartialOutage(Manual),33% Lrat Cell 161 162,(),3s
CS0BE.log,2025-09-08,02:53:34,PartialOutage(Manual),11% Lrat Cell 62,(),9s
CS0BE.log,2025-09-08,02:53:33,PartialOutage(Manual),33% Lrat Cell 162,(),1s
CS0BE.log,2025-09-08,02:53:24,PartialOutage(Manual),11% Lrat Cell 42,(),9s
CS0BE.log,2025-09-08,02:53:13,PartialOutage(Manual),11% Lrat Cell 43,(),8s
CS0BE.log,2025-09-08,02:53:02,PartialOutage(Manual),11% Lrat Cell 41,(),9s
CS0BE.log,2025-09-08,02:52:52,PartialOutage(Manual),11% Lrat Cell 33,(),8s
CS0BE.log,2025-09-08,02:52:42,PartialOutage(Manual),11% Lrat Cell 31,(),9s
CS0BE.log,2025-09-08,02:52:18,PartialOutage(Manual),11% Lrat Cell 32,(),8s
CS6FT.log,2025-09-08,02:48:44,PartialOutage(Manual),11% Lrat Cell 31,(),10s
CS6FT.log,2025-09-08,02:48:32,PartialOutage(Manual),11% Lrat Cell 32,(),9s
CS6FT.log,2025-09-08,02:48:20,PartialOutage(Manual),11% Lrat Cell 33,(),7s
CS6FT.log,2025-09-08,02:48:08,PartialOutage(Manual),11% Lrat Cell 41,(),8s
CS6FT.log,2025-09-08,02:47:50,PartialOutage(Manual),7% Lrat Cell 42,(),3s
CS6FT.log,2025-09-08,02:47:34,PartialOutage(Manual),53% Lrat Cell 161,(),10s
CS6FT.log,2025-09-08,02:47:18,PartialOutage(Manual),44% Lrat Cell 161 162,(),8s
CS6FT.log,2025-09-08,02:47:15,PartialOutage(Manual),11% Lrat Cell 61,(),3s
CS6FT.log,2025-09-08,02:47:02,PartialOutage(Manual),11% Lrat Cell 62,(),8s
CS6FT.log,2025-09-08,02:47:01,PartialOutage(Manual),33% Lrat Cell 162 163,(),1s
CS6FT.log,2025-09-08,02:46:47,PartialOutage(Manual),11% Lrat Cell 63,(),10s
CS02E.log,2025-09-08,02:20:00,PartialOutage(Manual),11% Lrat Cell 33,(),18s
CS02E.log,2025-09-08,02:19:45,PartialOutage(Manual),11% Lrat Cell 32,(),10s
CS02E.log,2025-09-08,02:19:31,PartialOutage(Manual),11% Lrat Cell 31,(),11s
CS02E.log,2025-09-08,02:19:18,PartialOutage(Manual),11% Lrat Cell 43,(),10s
CS02E.log,2025-09-08,02:18:56,PartialOutage(Manual),9% Lrat Cell 42,(),1s
CS02E.log,2025-09-08,02:18:42,PartialOutage(Manual),58% Lrat Cell 163,(),11s
CS02E.log,2025-09-08,02:18:29,PartialOutage(Manual),11% Lrat Cell 63,(),7s
CS02E.log,2025-09-08,02:18:28,PartialOutage(Manual),50% Lrat Cell 161 162 163,(),1s
CS02E.log,2025-09-08,02:18:14,PartialOutage(Manual),11% Lrat Cell 62,(),10s
CS02E.log,2025-09-08,02:18:00,PartialOutage(Manual),11% Lrat Cell 61,(),9s
CS02E.log,2025-09-08,02:17:59,PartialOutage(Manual),33% Lrat Cell 161,(),1s
CS1AL.log,2025-09-08,02:13:44,PartialOutage(Manual),33% Lrat Cell 23,(),9s
CS1AL.log,2025-09-08,02:13:26,PartialOutage(Manual),33% Lrat Cell 22,(),13s
CS1AL.log,2025-09-08,02:13:01,PartialOutage(Manual),33% Lrat Cell 21,(),18s
CS2DE.log,2025-09-08,02:01:43,PartialOutage(Manual),55% Lrat Cell 163,(),13s
CS2DE.log,2025-09-08,02:01:32,PartialOutage(Manual),8% Lrat Cell 63,(),10s
CS2DE.log,2025-09-08,02:01:21,PartialOutage(Manual),8% Lrat Cell 62,(),10s
CS2DE.log,2025-09-08,02:01:08,PartialOutage(Manual),8% Lrat Cell 61,(),12s
CS2DE.log,2025-09-08,02:00:54,PartialOutage(Manual),8% Lrat Cell 73,(),9s
CS2DE.log,2025-09-08,02:00:37,PartialOutage(Manual),8% Lrat Cell 72,(),14s
CS2DE.log,2025-09-08,02:00:25,PartialOutage(Manual),8% Lrat Cell 71,(),9s
CS2DE.log,2025-09-08,02:00:13,PartialOutage(Manual),8% Lrat Cell 33,(),9s
CS2DE.log,2025-09-08,01:59:58,PartialOutage(Manual),8% Lrat Cell 32,(),11s
CS2DE.log,2025-09-08,01:59:45,PartialOutage(Manual),8% Lrat Cell 31,(),9s
CS2DE.log,2025-09-08,01:59:35,PartialOutage(Manual),8% Lrat Cell 43,(),7s
CS2DE.log,2025-09-08,01:59:20,PartialOutage(Manual),8% Lrat Cell 42,(),10s
CS2DE.log,2025-09-08,01:59:00,PartialOutage(Manual),8% Lrat Cell 41,(),18s
CS5EE.log,2025-09-08,01:47:18,PartialOutage(Manual),17% Lrat Cell 42,(),17s
CS5EE.log,2025-09-08,01:47:06,PartialOutage(Manual),17% Lrat Cell 41,(),10s
CS5EE.log,2025-09-08,01:46:50,PartialOutage(Manual),17% Lrat Cell 31,(),3s
CS5EE.log,2025-09-08,01:46:49,PartialOutage(Manual),17% Lrat Cell 31 32,(),1s
CS5EE.log,2025-09-08,01:46:39,PartialOutage(Manual),75% Lrat Cell 161,(),10s
CS5EE.log,2025-09-08,01:46:35,PartialOutage(Manual),17% Lrat Cell 32,(),4s
CS5EE.log,2025-09-08,01:46:24,PartialOutage(Manual),17% Lrat Cell 61,(),11s
CS5EE.log,2025-09-08,01:46:23,PartialOutage(Manual),50% Lrat Cell 161 162,(),1s
CS5EE.log,2025-09-08,01:46:09,PartialOutage(Manual),17% Lrat Cell 62,(),12s
CS2AE.log,2025-09-08,00:42:39,PartialOutage(Manual),58% Lrat Cell 163,(),13s
CS2AE.log,2025-09-08,00:42:28,PartialOutage(Manual),55% Lrat Cell 162 163,(),8s
CS2AE.log,2025-09-08,00:42:25,PartialOutage(Manual),11% Lrat Cell 63,(),3s
CS2AE.log,2025-09-08,00:42:13,PartialOutage(Manual),11% Lrat Cell 62,(),11s
CS2AE.log,2025-09-08,00:42:12,PartialOutage(Manual),33% Lrat Cell 161 162,(),1s
CS2AE.log,2025-09-08,00:42:01,PartialOutage(Manual),11% Lrat Cell 61,(),9s
CS2AE.log,2025-09-08,00:42:00,PartialOutage(Manual),33% Lrat Cell 161,(),1s
CS2AE.log,2025-09-08,00:41:48,PartialOutage(Manual),11% Lrat Cell 33,(),9s
CS2AE.log,2025-09-08,00:41:39,PartialOutage(Manual),11% Lrat Cell 32,(),6s
CS2AE.log,2025-09-08,00:41:22,PartialOutage(Manual),11% Lrat Cell 31,(),9s
CS2AE.log,2025-09-08,00:41:08,PartialOutage(Manual),11% Lrat Cell 42,(),10s
CS2AE.log,2025-09-08,00:40:55,PartialOutage(Manual),11% Lrat Cell 41,(),11s
CS2AE.log,2025-09-08,00:40:42,PartialOutage(Manual),11% Lrat Cell 43,(),11s
CS2AL.log,2025-09-08,00:11:07,PartialOutage(Manual),100% Lrat Cell 21,(),1s
CS0DL.log,2025-09-08,00:11:02,PartialOutage(Manual),100% Lrat Cell 21,(),1s
CS2AL.log,2025-09-08,00:10:51,PartialOutage(Manual),100% Lrat Cell 21 22 23,(),16s
CS0DL.log,2025-09-08,00:10:47,PartialOutage(Manual),100% Lrat Cell 21 22 23,(),15s
CS0DL.log,2025-09-08,00:10:46,PartialOutage(Manual),67% Lrat Cell 21 22,(),1s
