File Name,Data,Ora,Type,Sev,Oggetto,Descrizione,Dettaglio
CS0AT.log,2025-10-01,06:58:30,EV,Warning,FieldReplaceableUnit=Radio-S180-NGS,Radio Restart Alert,"Restart details are listed in Additional Information (Mixed Mode with other ME). AI: Restartdetails=[{""RC"":""Other"",""RT"":""Power On"",""ERI"":""FALSE""}] UI=[{""PN"":Radio 4415 B7,""PNR"":KRC 161 495/1,""PR"":R5FE,""SN"":DH80207540,""SR"":R101LX,""SW"":CXP9013268/15}] :"
CS0AT.log,2025-10-01,06:58:27,EV,Warning,FieldReplaceableUnit=Radio-S100-1,Radio Restart Alert,"Restart details are listed in Additional Information AI: Restartdetails=[{""RC"":""Other"",""RT"":""Power On"",""ERI"":""FALSE""}] UI=[{""PN"":Radio 4499 44B1 44B3 C,""PNR"":KRC 161 787/1,""PR"":R2F,""SN"":E23E594387,""SR"":R101LX,""SW"":CXP9013268/15}] :"
CS0EE.log,2025-09-29,15:14:31,EV,Warning,FieldReplaceableUnit=Radio-S220-1,Radio Restart Alert,"Restart details are listed in Additional Information (Mixed Mode with other ME). AI: Restartdetails=[{""RC"":""Other"",""RT"":""Power On"",""ERI"":""FALSE""}] UI=[{""PN"":Radio 2479 24B8 24B20 24B28B M01,""PNR"":KRC 161 832/1,""PR"":R2F,""SN"":TU8U022KX3,""SR"":R101LX,""SW"":CXP9013268/15}] :"
CS0EE.log,2025-09-29,15:14:30,EV,Warning,FieldReplaceableUnit=Radio-S221-1,Radio Restart Alert,"Restart details are listed in Additional Information (Mixed Mode with other ME). AI: Restartdetails=[{""RC"":""Other"",""RT"":""Power On"",""ERI"":""FALSE""}] UI=[{""PN"":Radio 2479 24B8 24B20 24B28B M01,""PNR"":KRC 161 832/1,""PR"":R2F,""SN"":TU8U022KX9,""SR"":R101LX,""SW"":CXP9013268/15}] :"
CS0EL.log,2025-09-29,15:14:30,EV,Warning,FieldReplaceableUnit=Radio-S220-1,Radio Restart Alert,"Restart details are listed in Additional Information (Mixed Mode with other ME). AI: Restartdetails=[{""RC"":""Other"",""RT"":""Power On"",""ERI"":""FALSE""}] UI=[{""PN"":Radio 2479 24B8 24B20 24B28B M01,""PNR"":KRC 161 832/1,""PR"":R2F,""SN"":TU8U022KX3,""SR"":R101LX,""SW"":CXP9013268/15}] :"
CS0EL.log,2025-09-29,15:14:30,EV,Warning,FieldReplaceableUnit=Radio-S221-1,Radio Restart Alert,"Restart details are listed in Additional Information (Mixed Mode with other ME). AI: Restartdetails=[{""RC"":""Other"",""RT"":""Power On"",""ERI"":""FALSE""}] UI=[{""PN"":Radio 2479 24B8 24B20 24B28B M01,""PNR"":KRC 161 832/1,""PR"":R2F,""SN"":TU8U022KX9,""SR"":R101LX,""SW"":CXP9013268/15}] :"
CS0EE.log,2025-09-29,15:14:29,EV,Warning,FieldReplaceableUnit=Radio-S110-1,Radio Restart Alert,"Restart details are listed in Additional Information AI: Restartdetails=[{""RC"":""Other"",""RT"":""Power On"",""ERI"":""FALSE""}] UI=[{""PN"":Radio 4499 44B1 44B3 C,""PNR"":KRC 161 787/1,""PR"":R2F,""SN"":E23E617248,""SR"":R101LX,""SW"":CXP9013268/15}] :"
CS0EE.log,2025-09-29,15:14:27,EV,Warning,FieldReplaceableUnit=Radio-S222-1,Radio Restart Alert,"Restart details are listed in Additional Information (Mixed Mode with other ME). AI: Restartdetails=[{""RC"":""Other"",""RT"":""Power On"",""ERI"":""FALSE""}] UI=[{""PN"":Radio 2479 24B8 24B20 24B28B M01,""PNR"":KRC 161 832/1,""PR"":R2F,""SN"":TU8U022KXH,""SR"":R101LX,""SW"":CXP9013268/15}] :"
CS0EL.log,2025-09-29,15:14:27,EV,Warning,FieldReplaceableUnit=Radio-S182-1,Radio Restart Alert,"Restart details are listed in Additional Information AI: Restartdetails=[{""RC"":""Other"",""RT"":""Power On"",""ERI"":""FALSE""}] UI=[{""PN"":Radio 4415 B7,""PNR"":KRC 161 495/1,""PR"":R5J,""SN"":E55K590509,""SR"":R101LX,""SW"":CXP9013268/15}] :"
CS0EE.log,2025-09-29,15:14:26,EV,Warning,FieldReplaceableUnit=Radio-S112-1,Radio Restart Alert,"Restart details are listed in Additional Information AI: Restartdetails=[{""RC"":""Other"",""RT"":""Power On"",""ERI"":""FALSE""}] UI=[{""PN"":Radio 4499 44B1 44B3 C,""PNR"":KRC 161 787/1,""PR"":R2F,""SN"":E23E617212,""SR"":R101LX,""SW"":CXP9013268/15}] :"
CS0EE.log,2025-09-29,15:14:26,EV,Warning,FieldReplaceableUnit=Radio-S111-1,Radio Restart Alert,"Restart details are listed in Additional Information AI: Restartdetails=[{""RC"":""Other"",""RT"":""Power On"",""ERI"":""FALSE""}] UI=[{""PN"":Radio 4499 44B1 44B3 C,""PNR"":KRC 161 787/1,""PR"":R2F,""SN"":E23E617206,""SR"":R101LX,""SW"":CXP9013268/15}] :"
CS0EL.log,2025-09-29,15:14:26,EV,Warning,FieldReplaceableUnit=Radio-S222-1,Radio Restart Alert,"Restart details are listed in Additional Information (Mixed Mode with other ME). AI: Restartdetails=[{""RC"":""Other"",""RT"":""Power On"",""ERI"":""FALSE""}] UI=[{""PN"":Radio 2479 24B8 24B20 24B28B M01,""PNR"":KRC 161 832/1,""PR"":R2F,""SN"":TU8U022KXH,""SR"":R101LX,""SW"":CXP9013268/15}] :"
CS0EL.log,2025-09-29,15:14:02,EV,Warning,FieldReplaceableUnit=Radio-S180-1,Radio Restart Alert,"Restart details are listed in Additional Information AI: Restartdetails=[{""RC"":""Other"",""RT"":""Power On"",""ERI"":""FALSE""}] UI=[{""PN"":Radio 4415 B7,""PNR"":KRC 161 495/1,""PR"":R5J,""SN"":E55K590513,""SR"":R101LX,""SW"":CXP9013268/15}] :"
CS6FT.log,2025-09-17,10:50:08,EV,Warning,FieldReplaceableUnit=Radio-S100-1,Radio Restart Alert,"Restart details are listed in Additional Information AI: Restartdetails=[{""RC"":""Other"",""RT"":""Power On"",""ERI"":""FALSE""}] :"
CS6FT.log,2025-09-17,10:50:08,EV,Warning,FieldReplaceableUnit=Radio-S102-1,Radio Restart Alert,"Restart details are listed in Additional Information AI: Restartdetails=[{""RC"":""Other"",""RT"":""Power On"",""ERI"":""FALSE""}] :"
CS6FT.log,2025-09-17,10:50:01,EV,Warning,FieldReplaceableUnit=Radio-S212-1,Radio Restart Alert,"Restart details are listed in Additional Information (Mixed Mode with other ME). AI: Restartdetails=[{""RC"":""Other"",""RT"":""Power On"",""ERI"":""FALSE""}] :"
CS6FT.log,2025-09-17,10:50:00,EV,Warning,FieldReplaceableUnit=Radio-S210-1,Radio Restart Alert,"Restart details are listed in Additional Information (Mixed Mode with other ME). AI: Restartdetails=[{""RC"":""Other"",""RT"":""Power On"",""ERI"":""FALSE""}] :"
CS6FT.log,2025-09-17,10:50:00,EV,Warning,FieldReplaceableUnit=Radio-S211-1,Radio Restart Alert,"Restart details are listed in Additional Information (Mixed Mode with other ME). AI: Restartdetails=[{""RC"":""Other"",""RT"":""Power On"",""ERI"":""FALSE""}] :"
