File Name,Data,Ora,Type,Sev,Oggetto,Descrizione,Dettaglio
CS2DE.log,2025-10-03,12:47:28,EV,Warning,NRCellDU=CS2DG1,Cell Service Unavailable Auto Recovery Initiated Alert,
CS2DE.log,2025-10-03,12:47:28,EV,Warning,NRCellDU=CS2DG2,Cell Service Unavailable Auto Recovery Initiated Alert,
CS2DE.log,2025-10-03,12:47:28,EV,Warning,NRCellDU=CS2DG3,Cell Service Unavailable Auto Recovery Initiated Alert,
CS2DE.log,2025-10-03,12:48:26,EV,Warning,ManagedElement=CS2DE,System Restart Alert,"Requested Restart Category: Operator Initiated, Requested Restart Type: Cold, Performed Restart Category: Operator Initiated, Performed Restart Type: Cold. AI: SystemRestart=[{""RRC"":""Operator Initiated"",""RRT"":""Cold"",""PRC"":""Operator Initiated"",""PRT"":""Cold""}] UI=[{""PN"":""Baseband 6631"",""PNR"":""KDU1370071/11"",""PR"":""R3C"",""SN"":""E23E668167"",""SR"":""R27J08"",""SW"":""CXP2010174_2""}]"
